Workbook

Sheet Dashboard
A1: DASHBOARD COMPANY FOLLOW-UP & PROGRESS REPORT
A2: Data Terkonsolidasi Berdasarkan Project ID Terakhir (Lengkap dengan Dropdown & Note Otomatis)
A3: 📌 FORMAT RUKUN NOTE PROGRESS: [Jenis & Qty Unit] _ [Lama Masa Sewa] _ [Catatan Status Terbaru] (Contoh: Forklift 3 Ton (2 Unit) _ 2 Tahun _ SPH dikirim ke User)
B5: TOTAL PERUSAHAAN UNIK | D5: ACTIVE PROSPECTS | E5: ACTIVE LEADS | F5: DEAL / WON | G5: ALERT: OVERDUE / IDLE | H5: ALERT: WARNING (3-14 DAYS)
B6: =COUNTA(Company_Latest!D2:D1000) | D6: =COUNTIF(Company_Latest!H2:H1000, "Prospect") | E6: =COUNTIF(Company_Latest!H2:H1000, "Leads") | F6: =COUNTIF(Company_Latest!H2:H1000, "Deal / Won") | G6: =COUNTIF(Company_Latest!L2:L1000, "OVERDUE (IDLE)") | H6: =COUNTIF(Company_Latest!L2:L1000, "WARNING (3-14 Days)")
A8: DAFTAR TINDAKAN PRIORITAS (ACTION ALERT LIST - OTOMATIS BERDASARKAN CONSOLIDATED NOTE)
A9: No | B9: Sales Officer | C9: Company ID | D9: Company Name | E9: Project ID Terakhir | F9: Last Progress | G9: Detail Progress & Note ([Unit] _ [Masa Sewa] _ [Catatan]) | H9: Status Alert
A10: =IF(B10<>"", 1, "") | B10: =IFERROR(INDEX(Company_Latest!C$2:C$500, SMALL(IF((Company_Latest!$L$2:$L$500="OVERDUE (IDLE)")+(Company_Latest!$L$2:$L$500="WARNING (3-14 Days)"), ROW(Company_Latest!$L$2:$L$500)-1), 1)), "") | C10: =IFERROR(INDEX(Company_Latest!D$2:D$500, SMALL(IF((Company_Latest!$L$2:$L$500="OVERDUE (IDLE)")+(Company_Latest!$L$2:$L$500="WARNING (3-14 Days)"), ROW(Company_Latest!$L$2:$L$500)-1), 1)), "") | D10: =IFERROR(INDEX(Company_Latest!E$2:E$500, SMALL(IF((Company_Latest!$L$2:$L$500="OVERDUE (IDLE)")+(Company_Latest!$L$2:$L$500="WARNING (3-14 Days)"), ROW(Company_Latest!$L$2:$L$500)-1), 1)), "") | E10: =IFERROR(INDEX(Company_Latest!G$2:G$500, SMALL(IF((Company_Latest!$L$2:$L$500="OVERDUE (IDLE)")+(Company_Latest!$L$2:$L$500="WARNING (3-14 Days)"), ROW(Company_Latest!$L$2:$L$500)-1), 1)), "") | F10: =IFERROR(INDEX(Company_Latest!H$2:H$500, SMALL(IF((Company_Latest!$L$2:$L$500="OVERDUE (IDLE)")+(Company_Latest!$L$2:$L$500="WARNING (3-14 Days)"), ROW(Company_Latest!$L$2:$L$500)-1), 1)), "") | G10: =IFERROR(INDEX(Company_Latest!K$2:K$500, SMALL(IF((Company_Latest!$L$2:$L$500="OVERDUE (IDLE)")+(Company_Latest!$L$2:$L$500="WARNING (3-14 Days)"), ROW(Company_Latest!$L$2:$L$500)-1), 1)), "") | H10: =IFERROR(INDEX(Company_Latest!L$2:L$500, SMALL(IF((Company_Latest!$L$2:$L$500="OVERDUE (IDLE)")+(Company_Latest!$L$2:$L$500="WARNING (3-14 Days)"), ROW(Company_Latest!$L$2:$L$500)-1), 1)), "")
A11: =IF(B11<>"", 2, "") | B11: =IFERROR(INDEX(Company_Latest!C$2:C$500, SMALL(IF((Company_Latest!$L$2:$L$500="OVERDUE (IDLE)")+(Company_Latest!$L$2:$L$500="WARNING (3-14 Days)"), ROW(Company_Latest!$L$2:$L$500)-1), 2)), "") | C11: =IFERROR(INDEX(Company_Latest!D$2:D$500, SMALL(IF((Company_Latest!$L$2:$L$500="OVERDUE (IDLE)")+(Company_Latest!$L$2:$L$500="WARNING (3-14 Days)"), ROW(Company_Latest!$L$2:$L$500)-1), 2)), "") | D11: =IFERROR(INDEX(Company_Latest!E$2:E$500, SMALL(IF((Company_Latest!$L$2:$L$500="OVERDUE (IDLE)")+(Company_Latest!$L$2:$L$500="WARNING (3-14 Days)"), ROW(Company_Latest!$L$2:$L$500)-1), 2)), "") | E11: =IFERROR(INDEX(Company_Latest!G$2:G$500, SMALL(IF((Company_Latest!$L$2:$L$500="OVERDUE (IDLE)")+(Company_Latest!$L$2:$L$500="WARNING (3-14 Days)"), ROW(Company_Latest!$L$2:$L$500)-1), 2)), "") | F11: =IFERROR(INDEX(Company_Latest!H$2:H$500, SMALL(IF((Company_Latest!$L$2:$L$500="OVERDUE (IDLE)")+(Company_Latest!$L$2:$L$500="WARNING (3-14 Days)"), ROW(Company_Latest!$L$2:$L$500)-1), 2)), "") | G11: =IFERROR(INDEX(Company_Latest!K$2:K$500, SMALL(IF((Company_Latest!$L$2:$L$500="OVERDUE (IDLE)")+(Company_Latest!$L$2:$L$500="WARNING (3-14 Days)"), ROW(Company_Latest!$L$2:$L$500)-1), 2)), "") | H11: =IFERROR(INDEX(Company_Latest!L$2:L$500, SMALL(IF((Company_Latest!$L$2:$L$500="OVERDUE (IDLE)")+(Company_Latest!$L$2:$L$500="WARNING (3-14 Days)"), ROW(Company_Latest!$L$2:$L$500)-1), 2)), "")
A12: =IF(B12<>"", 3, "") | B12: =IFERROR(INDEX(Company_Latest!C$2:C$500, SMALL(IF((Company_Latest!$L$2:$L$500="OVERDUE (IDLE)")+(Company_Latest!$L$2:$L$500="WARNING (3-14 Days)"), ROW(Company_Latest!$L$2:$L$500)-1), 3)), "") | C12: =IFERROR(INDEX(Company_Latest!D$2:D$500, SMALL(IF((Company_Latest!$L$2:$L$500="OVERDUE (IDLE)")+(Company_Latest!$L$2:$L$500="WARNING (3-14 Days)"), ROW(Company_Latest!$L$2:$L$500)-1), 3)), "") | D12: =IFERROR(INDEX(Company_Latest!E$2:E$500, SMALL(IF((Company_Latest!$L$2:$L$500="OVERDUE (IDLE)")+(Company_Latest!$L$2:$L$500="WARNING (3-14 Days)"), ROW(Company_Latest!$L$2:$L$500)-1), 3)), "") | E12: =IFERROR(INDEX(Company_Latest!G$2:G$500, SMALL(IF((Company_Latest!$L$2:$L$500="OVERDUE (IDLE)")+(Company_Latest!$L$2:$L$500="WARNING (3-14 Days)"), ROW(Company_Latest!$L$2:$L$500)-1), 3)), "") | F12: =IFERROR(INDEX(Company_Latest!H$2:H$500, SMALL(IF((Company_Latest!$L$2:$L$500="OVERDUE (IDLE)")+(Company_Latest!$L$2:$L$500="WARNING (3-14 Days)"), ROW(Company_Latest!$L$2:$L$500)-1), 3)), "") | G12: =IFERROR(INDEX(Company_Latest!K$2:K$500, SMALL(IF((Company_Latest!$L$2:$L$500="OVERDUE (IDLE)")+(Company_Latest!$L$2:$L$500="WARNING (3-14 Days)"), ROW(Company_Latest!$L$2:$L$500)-1), 3)), "") | H12: =IFERROR(INDEX(Company_Latest!L$2:L$500, SMALL(IF((Company_Latest!$L$2:$L$500="OVERDUE (IDLE)")+(Company_Latest!$L$2:$L$500="WARNING (3-14 Days)"), ROW(Company_Latest!$L$2:$L$500)-1), 3)), "")
A13: =IF(B13<>"", 4, "") | B13: =IFERROR(INDEX(Company_Latest!C$2:C$500, SMALL(IF((Company_Latest!$L$2:$L$500="OVERDUE (IDLE)")+(Company_Latest!$L$2:$L$500="WARNING (3-14 Days)"), ROW(Company_Latest!$L$2:$L$500)-1), 4)), "") | C13: =IFERROR(INDEX(Company_Latest!D$2:D$500, SMALL(IF((Company_Latest!$L$2:$L$500="OVERDUE (IDLE)")+(Company_Latest!$L$2:$L$500="WARNING (3-14 Days)"), ROW(Company_Latest!$L$2:$L$500)-1), 4)), "") | D13: =IFERROR(INDEX(Company_Latest!E$2:E$500, SMALL(IF((Company_Latest!$L$2:$L$500="OVERDUE (IDLE)")+(Company_Latest!$L$2:$L$500="WARNING (3-14 Days)"), ROW(Company_Latest!$L$2:$L$500)-1), 4)), "") | E13: =IFERROR(INDEX(Company_Latest!G$2:G$500, SMALL(IF((Company_Latest!$L$2:$L$500="OVERDUE (IDLE)")+(Company_Latest!$L$2:$L$500="WARNING (3-14 Days)"), ROW(Company_Latest!$L$2:$L$500)-1), 4)), "") | F13: =IFERROR(INDEX(Company_Latest!H$2:H$500, SMALL(IF((Company_Latest!$L$2:$L$500="OVERDUE (IDLE)")+(Company_Latest!$L$2:$L$500="WARNING (3-14 Days)"), ROW(Company_Latest!$L$2:$L$500)-1), 4)), "") | G13: =IFERROR(INDEX(Company_Latest!K$2:K$500, SMALL(IF((Company_Latest!$L$2:$L$500="OVERDUE (IDLE)")+(Company_Latest!$L$2:$L$500="WARNING (3-14 Days)"), ROW(Company_Latest!$L$2:$L$500)-1), 4)), "") | H13: =IFERROR(INDEX(Company_Latest!L$2:L$500, SMALL(IF((Company_Latest!$L$2:$L$500="OVERDUE (IDLE)")+(Company_Latest!$L$2:$L$500="WARNING (3-14 Days)"), ROW(Company_Latest!$L$2:$L$500)-1), 4)), "")
A14: =IF(B14<>"", 5, "") | B14: =IFERROR(INDEX(Company_Latest!C$2:C$500, SMALL(IF((Company_Latest!$L$2:$L$500="OVERDUE (IDLE)")+(Company_Latest!$L$2:$L$500="WARNING (3-14 Days)"), ROW(Company_Latest!$L$2:$L$500)-1), 5)), "") | C14: =IFERROR(INDEX(Company_Latest!D$2:D$500, SMALL(IF((Company_Latest!$L$2:$L$500="OVERDUE (IDLE)")+(Company_Latest!$L$2:$L$500="WARNING (3-14 Days)"), ROW(Company_Latest!$L$2:$L$500)-1), 5)), "") | D14: =IFERROR(INDEX(Company_Latest!E$2:E$500, SMALL(IF((Company_Latest!$L$2:$L$500="OVERDUE (IDLE)")+(Company_Latest!$L$2:$L$500="WARNING (3-14 Days)"), ROW(Company_Latest!$L$2:$L$500)-1), 5)), "") | E14: =IFERROR(INDEX(Company_Latest!G$2:G$500, SMALL(IF((Company_Latest!$L$2:$L$500="OVERDUE (IDLE)")+(Company_Latest!$L$2:$L$500="WARNING (3-14 Days)"), ROW(Company_Latest!$L$2:$L$500)-1), 5)), "") | F14: =IFERROR(INDEX(Company_Latest!H$2:H$500, SMALL(IF((Company_Latest!$L$2:$L$500="OVERDUE (IDLE)")+(Company_Latest!$L$2:$L$500="WARNING (3-14 Days)"), ROW(Company_Latest!$L$2:$L$500)-1), 5)), "") | G14: =IFERROR(INDEX(Company_Latest!K$2:K$500, SMALL(IF((Company_Latest!$L$2:$L$500="OVERDUE (IDLE)")+(Company_Latest!$L$2:$L$500="WARNING (3-14 Days)"), ROW(Company_Latest!$L$2:$L$500)-1), 5)), "") | H14: =IFERROR(INDEX(Company_Latest!L$2:L$500, SMALL(IF((Company_Latest!$L$2:$L$500="OVERDUE (IDLE)")+(Company_Latest!$L$2:$L$500="WARNING (3-14 Days)"), ROW(Company_Latest!$L$2:$L$500)-1), 5)), "")
A15: =IF(B15<>"", 6, "") | B15: =IFERROR(INDEX(Company_Latest!C$2:C$500, SMALL(IF((Company_Latest!$L$2:$L$500="OVERDUE (IDLE)")+(Company_Latest!$L$2:$L$500="WARNING (3-14 Days)"), ROW(Company_Latest!$L$2:$L$500)-1), 6)), "") | C15: =IFERROR(INDEX(Company_Latest!D$2:D$500, SMALL(IF((Company_Latest!$L$2:$L$500="OVERDUE (IDLE)")+(Company_Latest!$L$2:$L$500="WARNING (3-14 Days)"), ROW(Company_Latest!$L$2:$L$500)-1), 6)), "") | D15: =IFERROR(INDEX(Company_Latest!E$2:E$500, SMALL(IF((Company_Latest!$L$2:$L$500="OVERDUE (IDLE)")+(Company_Latest!$L$2:$L$500="WARNING (3-14 Days)"), ROW(Company_Latest!$L$2:$L$500)-1), 6)), "") | E15: =IFERROR(INDEX(Company_Latest!G$2:G$500, SMALL(IF((Company_Latest!$L$2:$L$500="OVERDUE (IDLE)")+(Company_Latest!$L$2:$L$500="WARNING (3-14 Days)"), ROW(Company_Latest!$L$2:$L$500)-1), 6)), "") | F15: =IFERROR(INDEX(Company_Latest!H$2:H$500, SMALL(IF((Company_Latest!$L$2:$L$500="OVERDUE (IDLE)")+(Company_Latest!$L$2:$L$500="WARNING (3-14 Days)"), ROW(Company_Latest!$L$2:$L$500)-1), 6)), "") | G15: =IFERROR(INDEX(Company_Latest!K$2:K$500, SMALL(IF((Company_Latest!$L$2:$L$500="OVERDUE (IDLE)")+(Company_Latest!$L$2:$L$500="WARNING (3-14 Days)"), ROW(Company_Latest!$L$2:$L$500)-1), 6)), "") | H15: =IFERROR(INDEX(Company_Latest!L$2:L$500, SMALL(IF((Company_Latest!$L$2:$L$500="OVERDUE (IDLE)")+(Company_Latest!$L$2:$L$500="WARNING (3-14 Days)"), ROW(Company_Latest!$L$2:$L$500)-1), 6)), "")
A16: =IF(B16<>"", 7, "") | B16: =IFERROR(INDEX(Company_Latest!C$2:C$500, SMALL(IF((Company_Latest!$L$2:$L$500="OVERDUE (IDLE)")+(Company_Latest!$L$2:$L$500="WARNING (3-14 Days)"), ROW(Company_Latest!$L$2:$L$500)-1), 7)), "") | C16: =IFERROR(INDEX(Company_Latest!D$2:D$500, SMALL(IF((Company_Latest!$L$2:$L$500="OVERDUE (IDLE)")+(Company_Latest!$L$2:$L$500="WARNING (3-14 Days)"), ROW(Company_Latest!$L$2:$L$500)-1), 7)), "") | D16: =IFERROR(INDEX(Company_Latest!E$2:E$500, SMALL(IF((Company_Latest!$L$2:$L$500="OVERDUE (IDLE)")+(Company_Latest!$L$2:$L$500="WARNING (3-14 Days)"), ROW(Company_Latest!$L$2:$L$500)-1), 7)), "") | E16: =IFERROR(INDEX(Company_Latest!G$2:G$500, SMALL(IF((Company_Latest!$L$2:$L$500="OVERDUE (IDLE)")+(Company_Latest!$L$2:$L$500="WARNING (3-14 Days)"), ROW(Company_Latest!$L$2:$L$500)-1), 7)), "") | F16: =IFERROR(INDEX(Company_Latest!H$2:H$500, SMALL(IF((Company_Latest!$L$2:$L$500="OVERDUE (IDLE)")+(Company_Latest!$L$2:$L$500="WARNING (3-14 Days)"), ROW(Company_Latest!$L$2:$L$500)-1), 7)), "") | G16: =IFERROR(INDEX(Company_Latest!K$2:K$500, SMALL(IF((Company_Latest!$L$2:$L$500="OVERDUE (IDLE)")+(Company_Latest!$L$2:$L$500="WARNING (3-14 Days)"), ROW(Company_Latest!$L$2:$L$500)-1), 7)), "") | H16: =IFERROR(INDEX(Company_Latest!L$2:L$500, SMALL(IF((Company_Latest!$L$2:$L$500="OVERDUE (IDLE)")+(Company_Latest!$L$2:$L$500="WARNING (3-14 Days)"), ROW(Company_Latest!$L$2:$L$500)-1), 7)), "")
A17: =IF(B17<>"", 8, "") | B17: =IFERROR(INDEX(Company_Latest!C$2:C$500, SMALL(IF((Company_Latest!$L$2:$L$500="OVERDUE (IDLE)")+(Company_Latest!$L$2:$L$500="WARNING (3-14 Days)"), ROW(Company_Latest!$L$2:$L$500)-1), 8)), "") | C17: =IFERROR(INDEX(Company_Latest!D$2:D$500, SMALL(IF((Company_Latest!$L$2:$L$500="OVERDUE (IDLE)")+(Company_Latest!$L$2:$L$500="WARNING (3-14 Days)"), ROW(Company_Latest!$L$2:$L$500)-1), 8)), "") | D17: =IFERROR(INDEX(Company_Latest!E$2:E$500, SMALL(IF((Company_Latest!$L$2:$L$500="OVERDUE (IDLE)")+(Company_Latest!$L$2:$L$500="WARNING (3-14 Days)"), ROW(Company_Latest!$L$2:$L$500)-1), 8)), "") | E17: =IFERROR(INDEX(Company_Latest!G$2:G$500, SMALL(IF((Company_Latest!$L$2:$L$500="OVERDUE (IDLE)")+(Company_Latest!$L$2:$L$500="WARNING (3-14 Days)"), ROW(Company_Latest!$L$2:$L$500)-1), 8)), "") | F17: =IFERROR(INDEX(Company_Latest!H$2:H$500, SMALL(IF((Company_Latest!$L$2:$L$500="OVERDUE (IDLE)")+(Company_Latest!$L$2:$L$500="WARNING (3-14 Days)"), ROW(Company_Latest!$L$2:$L$500)-1), 8)), "") | G17: =IFERROR(INDEX(Company_Latest!K$2:K$500, SMALL(IF((Company_Latest!$L$2:$L$500="OVERDUE (IDLE)")+(Company_Latest!$L$2:$L$500="WARNING (3-14 Days)"), ROW(Company_Latest!$L$2:$L$500)-1), 8)), "") | H17: =IFERROR(INDEX(Company_Latest!L$2:L$500, SMALL(IF((Company_Latest!$L$2:$L$500="OVERDUE (IDLE)")+(Company_Latest!$L$2:$L$500="WARNING (3-14 Days)"), ROW(Company_Latest!$L$2:$L$500)-1), 8)), "")
A18: =IF(B18<>"", 9, "") | B18: =IFERROR(INDEX(Company_Latest!C$2:C$500, SMALL(IF((Company_Latest!$L$2:$L$500="OVERDUE (IDLE)")+(Company_Latest!$L$2:$L$500="WARNING (3-14 Days)"), ROW(Company_Latest!$L$2:$L$500)-1), 9)), "") | C18: =IFERROR(INDEX(Company_Latest!D$2:D$500, SMALL(IF((Company_Latest!$L$2:$L$500="OVERDUE (IDLE)")+(Company_Latest!$L$2:$L$500="WARNING (3-14 Days)"), ROW(Company_Latest!$L$2:$L$500)-1), 9)), "") | D18: =IFERROR(INDEX(Company_Latest!E$2:E$500, SMALL(IF((Company_Latest!$L$2:$L$500="OVERDUE (IDLE)")+(Company_Latest!$L$2:$L$500="WARNING (3-14 Days)"), ROW(Company_Latest!$L$2:$L$500)-1), 9)), "") | E18: =IFERROR(INDEX(Company_Latest!G$2:G$500, SMALL(IF((Company_Latest!$L$2:$L$500="OVERDUE (IDLE)")+(Company_Latest!$L$2:$L$500="WARNING (3-14 Days)"), ROW(Company_Latest!$L$2:$L$500)-1), 9)), "") | F18: =IFERROR(INDEX(Company_Latest!H$2:H$500, SMALL(IF((Company_Latest!$L$2:$L$500="OVERDUE (IDLE)")+(Company_Latest!$L$2:$L$500="WARNING (3-14 Days)"), ROW(Company_Latest!$L$2:$L$500)-1), 9)), "") | G18: =IFERROR(INDEX(Company_Latest!K$2:K$500, SMALL(IF((Company_Latest!$L$2:$L$500="OVERDUE (IDLE)")+(Company_Latest!$L$2:$L$500="WARNING (3-14 Days)"), ROW(Company_Latest!$L$2:$L$500)-1), 9)), "") | H18: =IFERROR(INDEX(Company_Latest!L$2:L$500, SMALL(IF((Company_Latest!$L$2:$L$500="OVERDUE (IDLE)")+(Company_Latest!$L$2:$L$500="WARNING (3-14 Days)"), ROW(Company_Latest!$L$2:$L$500)-1), 9)), "")
A19: =IF(B19<>"", 10, "") | B19: =IFERROR(INDEX(Company_Latest!C$2:C$500, SMALL(IF((Company_Latest!$L$2:$L$500="OVERDUE (IDLE)")+(Company_Latest!$L$2:$L$500="WARNING (3-14 Days)"), ROW(Company_Latest!$L$2:$L$500)-1), 10)), "") | C19: =IFERROR(INDEX(Company_Latest!D$2:D$500, SMALL(IF((Company_Latest!$L$2:$L$500="OVERDUE (IDLE)")+(Company_Latest!$L$2:$L$500="WARNING (3-14 Days)"), ROW(Company_Latest!$L$2:$L$500)-1), 10)), "") | D19: =IFERROR(INDEX(Company_Latest!E$2:E$500, SMALL(IF((Company_Latest!$L$2:$L$500="OVERDUE (IDLE)")+(Company_Latest!$L$2:$L$500="WARNING (3-14 Days)"), ROW(Company_Latest!$L$2:$L$500)-1), 10)), "") | E19: =IFERROR(INDEX(Company_Latest!G$2:G$500, SMALL(IF((Company_Latest!$L$2:$L$500="OVERDUE (IDLE)")+(Company_Latest!$L$2:$L$500="WARNING (3-14 Days)"), ROW(Company_Latest!$L$2:$L$500)-1), 10)), "") | F19: =IFERROR(INDEX(Company_Latest!H$2:H$500, SMALL(IF((Company_Latest!$L$2:$L$500="OVERDUE (IDLE)")+(Company_Latest!$L$2:$L$500="WARNING (3-14 Days)"), ROW(Company_Latest!$L$2:$L$500)-1), 10)), "") | G19: =IFERROR(INDEX(Company_Latest!K$2:K$500, SMALL(IF((Company_Latest!$L$2:$L$500="OVERDUE (IDLE)")+(Company_Latest!$L$2:$L$500="WARNING (3-14 Days)"), ROW(Company_Latest!$L$2:$L$500)-1), 10)), "") | H19: =IFERROR(INDEX(Company_Latest!L$2:L$500, SMALL(IF((Company_Latest!$L$2:$L$500="OVERDUE (IDLE)")+(Company_Latest!$L$2:$L$500="WARNING (3-14 Days)"), ROW(Company_Latest!$L$2:$L$500)-1), 10)), "")
A20: =IF(B20<>"", 11, "") | B20: =IFERROR(INDEX(Company_Latest!C$2:C$500, SMALL(IF((Company_Latest!$L$2:$L$500="OVERDUE (IDLE)")+(Company_Latest!$L$2:$L$500="WARNING (3-14 Days)"), ROW(Company_Latest!$L$2:$L$500)-1), 11)), "") | C20: =IFERROR(INDEX(Company_Latest!D$2:D$500, SMALL(IF((Company_Latest!$L$2:$L$500="OVERDUE (IDLE)")+(Company_Latest!$L$2:$L$500="WARNING (3-14 Days)"), ROW(Company_Latest!$L$2:$L$500)-1), 11)), "") | D20: =IFERROR(INDEX(Company_Latest!E$2:E$500, SMALL(IF((Company_Latest!$L$2:$L$500="OVERDUE (IDLE)")+(Company_Latest!$L$2:$L$500="WARNING (3-14 Days)"), ROW(Company_Latest!$L$2:$L$500)-1), 11)), "") | E20: =IFERROR(INDEX(Company_Latest!G$2:G$500, SMALL(IF((Company_Latest!$L$2:$L$500="OVERDUE (IDLE)")+(Company_Latest!$L$2:$L$500="WARNING (3-14 Days)"), ROW(Company_Latest!$L$2:$L$500)-1), 11)), "") | F20: =IFERROR(INDEX(Company_Latest!H$2:H$500, SMALL(IF((Company_Latest!$L$2:$L$500="OVERDUE (IDLE)")+(Company_Latest!$L$2:$L$500="WARNING (3-14 Days)"), ROW(Company_Latest!$L$2:$L$500)-1), 11)), "") | G20: =IFERROR(INDEX(Company_Latest!K$2:K$500, SMALL(IF((Company_Latest!$L$2:$L$500="OVERDUE (IDLE)")+(Company_Latest!$L$2:$L$500="WARNING (3-14 Days)"), ROW(Company_Latest!$L$2:$L$500)-1), 11)), "") | H20: =IFERROR(INDEX(Company_Latest!L$2:L$500, SMALL(IF((Company_Latest!$L$2:$L$500="OVERDUE (IDLE)")+(Company_Latest!$L$2:$L$500="WARNING (3-14 Days)"), ROW(Company_Latest!$L$2:$L$500)-1), 11)), "")
A21: =IF(B21<>"", 12, "") | B21: =IFERROR(INDEX(Company_Latest!C$2:C$500, SMALL(IF((Company_Latest!$L$2:$L$500="OVERDUE (IDLE)")+(Company_Latest!$L$2:$L$500="WARNING (3-14 Days)"), ROW(Company_Latest!$L$2:$L$500)-1), 12)), "") | C21: =IFERROR(INDEX(Company_Latest!D$2:D$500, SMALL(IF((Company_Latest!$L$2:$L$500="OVERDUE (IDLE)")+(Company_Latest!$L$2:$L$500="WARNING (3-14 Days)"), ROW(Company_Latest!$L$2:$L$500)-1), 12)), "") | D21: =IFERROR(INDEX(Company_Latest!E$2:E$500, SMALL(IF((Company_Latest!$L$2:$L$500="OVERDUE (IDLE)")+(Company_Latest!$L$2:$L$500="WARNING (3-14 Days)"), ROW(Company_Latest!$L$2:$L$500)-1), 12)), "") | E21: =IFERROR(INDEX(Company_Latest!G$2:G$500, SMALL(IF((Company_Latest!$L$2:$L$500="OVERDUE (IDLE)")+(Company_Latest!$L$2:$L$500="WARNING (3-14 Days)"), ROW(Company_Latest!$L$2:$L$500)-1), 12)), "") | F21: =IFERROR(INDEX(Company_Latest!H$2:H$500, SMALL(IF((Company_Latest!$L$2:$L$500="OVERDUE (IDLE)")+(Company_Latest!$L$2:$L$500="WARNING (3-14 Days)"), ROW(Company_Latest!$L$2:$L$500)-1), 12)), "") | G21: =IFERROR(INDEX(Company_Latest!K$2:K$500, SMALL(IF((Company_Latest!$L$2:$L$500="OVERDUE (IDLE)")+(Company_Latest!$L$2:$L$500="WARNING (3-14 Days)"), ROW(Company_Latest!$L$2:$L$500)-1), 12)), "") | H21: =IFERROR(INDEX(Company_Latest!L$2:L$500, SMALL(IF((Company_Latest!$L$2:$L$500="OVERDUE (IDLE)")+(Company_Latest!$L$2:$L$500="WARNING (3-14 Days)"), ROW(Company_Latest!$L$2:$L$500)-1), 12)), "")
A22: =IF(B22<>"", 13, "") | B22: =IFERROR(INDEX(Company_Latest!C$2:C$500, SMALL(IF((Company_Latest!$L$2:$L$500="OVERDUE (IDLE)")+(Company_Latest!$L$2:$L$500="WARNING (3-14 Days)"), ROW(Company_Latest!$L$2:$L$500)-1), 13)), "") | C22: =IFERROR(INDEX(Company_Latest!D$2:D$500, SMALL(IF((Company_Latest!$L$2:$L$500="OVERDUE (IDLE)")+(Company_Latest!$L$2:$L$500="WARNING (3-14 Days)"), ROW(Company_Latest!$L$2:$L$500)-1), 13)), "") | D22: =IFERROR(INDEX(Company_Latest!E$2:E$500, SMALL(IF((Company_Latest!$L$2:$L$500="OVERDUE (IDLE)")+(Company_Latest!$L$2:$L$500="WARNING (3-14 Days)"), ROW(Company_Latest!$L$2:$L$500)-1), 13)), "") | E22: =IFERROR(INDEX(Company_Latest!G$2:G$500, SMALL(IF((Company_Latest!$L$2:$L$500="OVERDUE (IDLE)")+(Company_Latest!$L$2:$L$500="WARNING (3-14 Days)"), ROW(Company_Latest!$L$2:$L$500)-1), 13)), "") | F22: =IFERROR(INDEX(Company_Latest!H$2:H$500, SMALL(IF((Company_Latest!$L$2:$L$500="OVERDUE (IDLE)")+(Company_Latest!$L$2:$L$500="WARNING (3-14 Days)"), ROW(Company_Latest!$L$2:$L$500)-1), 13)), "") | G22: =IFERROR(INDEX(Company_Latest!K$2:K$500, SMALL(IF((Company_Latest!$L$2:$L$500="OVERDUE (IDLE)")+(Company_Latest!$L$2:$L$500="WARNING (3-14 Days)"), ROW(Company_Latest!$L$2:$L$500)-1), 13)), "") | H22: =IFERROR(INDEX(Company_Latest!L$2:L$500, SMALL(IF((Company_Latest!$L$2:$L$500="OVERDUE (IDLE)")+(Company_Latest!$L$2:$L$500="WARNING (3-14 Days)"), ROW(Company_Latest!$L$2:$L$500)-1), 13)), "")
A23: =IF(B23<>"", 14, "") | B23: =IFERROR(INDEX(Company_Latest!C$2:C$500, SMALL(IF((Company_Latest!$L$2:$L$500="OVERDUE (IDLE)")+(Company_Latest!$L$2:$L$500="WARNING (3-14 Days)"), ROW(Company_Latest!$L$2:$L$500)-1), 14)), "") | C23: =IFERROR(INDEX(Company_Latest!D$2:D$500, SMALL(IF((Company_Latest!$L$2:$L$500="OVERDUE (IDLE)")+(Company_Latest!$L$2:$L$500="WARNING (3-14 Days)"), ROW(Company_Latest!$L$2:$L$500)-1), 14)), "") | D23: =IFERROR(INDEX(Company_Latest!E$2:E$500, SMALL(IF((Company_Latest!$L$2:$L$500="OVERDUE (IDLE)")+(Company_Latest!$L$2:$L$500="WARNING (3-14 Days)"), ROW(Company_Latest!$L$2:$L$500)-1), 14)), "") | E23: =IFERROR(INDEX(Company_Latest!G$2:G$500, SMALL(IF((Company_Latest!$L$2:$L$500="OVERDUE (IDLE)")+(Company_Latest!$L$2:$L$500="WARNING (3-14 Days)"), ROW(Company_Latest!$L$2:$L$500)-1), 14)), "") | F23: =IFERROR(INDEX(Company_Latest!H$2:H$500, SMALL(IF((Company_Latest!$L$2:$L$500="OVERDUE (IDLE)")+(Company_Latest!$L$2:$L$500="WARNING (3-14 Days)"), ROW(Company_Latest!$L$2:$L$500)-1), 14)), "") | G23: =IFERROR(INDEX(Company_Latest!K$2:K$500, SMALL(IF((Company_Latest!$L$2:$L$500="OVERDUE (IDLE)")+(Company_Latest!$L$2:$L$500="WARNING (3-14 Days)"), ROW(Company_Latest!$L$2:$L$500)-1), 14)), "") | H23: =IFERROR(INDEX(Company_Latest!L$2:L$500, SMALL(IF((Company_Latest!$L$2:$L$500="OVERDUE (IDLE)")+(Company_Latest!$L$2:$L$500="WARNING (3-14 Days)"), ROW(Company_Latest!$L$2:$L$500)-1), 14)), "")
A24: =IF(B24<>"", 15, "") | B24: =IFERROR(INDEX(Company_Latest!C$2:C$500, SMALL(IF((Company_Latest!$L$2:$L$500="OVERDUE (IDLE)")+(Company_Latest!$L$2:$L$500="WARNING (3-14 Days)"), ROW(Company_Latest!$L$2:$L$500)-1), 15)), "") | C24: =IFERROR(INDEX(Company_Latest!D$2:D$500, SMALL(IF((Company_Latest!$L$2:$L$500="OVERDUE (IDLE)")+(Company_Latest!$L$2:$L$500="WARNING (3-14 Days)"), ROW(Company_Latest!$L$2:$L$500)-1), 15)), "") | D24: =IFERROR(INDEX(Company_Latest!E$2:E$500, SMALL(IF((Company_Latest!$L$2:$L$500="OVERDUE (IDLE)")+(Company_Latest!$L$2:$L$500="WARNING (3-14 Days)"), ROW(Company_Latest!$L$2:$L$500)-1), 15)), "") | E24: =IFERROR(INDEX(Company_Latest!G$2:G$500, SMALL(IF((Company_Latest!$L$2:$L$500="OVERDUE (IDLE)")+(Company_Latest!$L$2:$L$500="WARNING (3-14 Days)"), ROW(Company_Latest!$L$2:$L$500)-1), 15)), "") | F24: =IFERROR(INDEX(Company_Latest!H$2:H$500, SMALL(IF((Company_Latest!$L$2:$L$500="OVERDUE (IDLE)")+(Company_Latest!$L$2:$L$500="WARNING (3-14 Days)"), ROW(Company_Latest!$L$2:$L$500)-1), 15)), "") | G24: =IFERROR(INDEX(Company_Latest!K$2:K$500, SMALL(IF((Company_Latest!$L$2:$L$500="OVERDUE (IDLE)")+(Company_Latest!$L$2:$L$500="WARNING (3-14 Days)"), ROW(Company_Latest!$L$2:$L$500)-1), 15)), "") | H24: =IFERROR(INDEX(Company_Latest!L$2:L$500, SMALL(IF((Company_Latest!$L$2:$L$500="OVERDUE (IDLE)")+(Company_Latest!$L$2:$L$500="WARNING (3-14 Days)"), ROW(Company_Latest!$L$2:$L$500)-1), 15)), "")
A25: =IF(B25<>"", 16, "") | B25: =IFERROR(INDEX(Company_Latest!C$2:C$500, SMALL(IF((Company_Latest!$L$2:$L$500="OVERDUE (IDLE)")+(Company_Latest!$L$2:$L$500="WARNING (3-14 Days)"), ROW(Company_Latest!$L$2:$L$500)-1), 16)), "") | C25: =IFERROR(INDEX(Company_Latest!D$2:D$500, SMALL(IF((Company_Latest!$L$2:$L$500="OVERDUE (IDLE)")+(Company_Latest!$L$2:$L$500="WARNING (3-14 Days)"), ROW(Company_Latest!$L$2:$L$500)-1), 16)), "") | D25: =IFERROR(INDEX(Company_Latest!E$2:E$500, SMALL(IF((Company_Latest!$L$2:$L$500="OVERDUE (IDLE)")+(Company_Latest!$L$2:$L$500="WARNING (3-14 Days)"), ROW(Company_Latest!$L$2:$L$500)-1), 16)), "") | E25: =IFERROR(INDEX(Company_Latest!G$2:G$500, SMALL(IF((Company_Latest!$L$2:$L$500="OVERDUE (IDLE)")+(Company_Latest!$L$2:$L$500="WARNING (3-14 Days)"), ROW(Company_Latest!$L$2:$L$500)-1), 16)), "") | F25: =IFERROR(INDEX(Company_Latest!H$2:H$500, SMALL(IF((Company_Latest!$L$2:$L$500="OVERDUE (IDLE)")+(Company_Latest!$L$2:$L$500="WARNING (3-14 Days)"), ROW(Company_Latest!$L$2:$L$500)-1), 16)), "") | G25: =IFERROR(INDEX(Company_Latest!K$2:K$500, SMALL(IF((Company_Latest!$L$2:$L$500="OVERDUE (IDLE)")+(Company_Latest!$L$2:$L$500="WARNING (3-14 Days)"), ROW(Company_Latest!$L$2:$L$500)-1), 16)), "") | H25: =IFERROR(INDEX(Company_Latest!L$2:L$500, SMALL(IF((Company_Latest!$L$2:$L$500="OVERDUE (IDLE)")+(Company_Latest!$L$2:$L$500="WARNING (3-14 Days)"), ROW(Company_Latest!$L$2:$L$500)-1), 16)), "")
A26: =IF(B26<>"", 17, "") | B26: =IFERROR(INDEX(Company_Latest!C$2:C$500, SMALL(IF((Company_Latest!$L$2:$L$500="OVERDUE (IDLE)")+(Company_Latest!$L$2:$L$500="WARNING (3-14 Days)"), ROW(Company_Latest!$L$2:$L$500)-1), 17)), "") | C26: =IFERROR(INDEX(Company_Latest!D$2:D$500, SMALL(IF((Company_Latest!$L$2:$L$500="OVERDUE (IDLE)")+(Company_Latest!$L$2:$L$500="WARNING (3-14 Days)"), ROW(Company_Latest!$L$2:$L$500)-1), 17)), "") | D26: =IFERROR(INDEX(Company_Latest!E$2:E$500, SMALL(IF((Company_Latest!$L$2:$L$500="OVERDUE (IDLE)")+(Company_Latest!$L$2:$L$500="WARNING (3-14 Days)"), ROW(Company_Latest!$L$2:$L$500)-1), 17)), "") | E26: =IFERROR(INDEX(Company_Latest!G$2:G$500, SMALL(IF((Company_Latest!$L$2:$L$500="OVERDUE (IDLE)")+(Company_Latest!$L$2:$L$500="WARNING (3-14 Days)"), ROW(Company_Latest!$L$2:$L$500)-1), 17)), "") | F26: =IFERROR(INDEX(Company_Latest!H$2:H$500, SMALL(IF((Company_Latest!$L$2:$L$500="OVERDUE (IDLE)")+(Company_Latest!$L$2:$L$500="WARNING (3-14 Days)"), ROW(Company_Latest!$L$2:$L$500)-1), 17)), "") | G26: =IFERROR(INDEX(Company_Latest!K$2:K$500, SMALL(IF((Company_Latest!$L$2:$L$500="OVERDUE (IDLE)")+(Company_Latest!$L$2:$L$500="WARNING (3-14 Days)"), ROW(Company_Latest!$L$2:$L$500)-1), 17)), "") | H26: =IFERROR(INDEX(Company_Latest!L$2:L$500, SMALL(IF((Company_Latest!$L$2:$L$500="OVERDUE (IDLE)")+(Company_Latest!$L$2:$L$500="WARNING (3-14 Days)"), ROW(Company_Latest!$L$2:$L$500)-1), 17)), "")
A27: =IF(B27<>"", 18, "") | B27: =IFERROR(INDEX(Company_Latest!C$2:C$500, SMALL(IF((Company_Latest!$L$2:$L$500="OVERDUE (IDLE)")+(Company_Latest!$L$2:$L$500="WARNING (3-14 Days)"), ROW(Company_Latest!$L$2:$L$500)-1), 18)), "") | C27: =IFERROR(INDEX(Company_Latest!D$2:D$500, SMALL(IF((Company_Latest!$L$2:$L$500="OVERDUE (IDLE)")+(Company_Latest!$L$2:$L$500="WARNING (3-14 Days)"), ROW(Company_Latest!$L$2:$L$500)-1), 18)), "") | D27: =IFERROR(INDEX(Company_Latest!E$2:E$500, SMALL(IF((Company_Latest!$L$2:$L$500="OVERDUE (IDLE)")+(Company_Latest!$L$2:$L$500="WARNING (3-14 Days)"), ROW(Company_Latest!$L$2:$L$500)-1), 18)), "") | E27: =IFERROR(INDEX(Company_Latest!G$2:G$500, SMALL(IF((Company_Latest!$L$2:$L$500="OVERDUE (IDLE)")+(Company_Latest!$L$2:$L$500="WARNING (3-14 Days)"), ROW(Company_Latest!$L$2:$L$500)-1), 18)), "") | F27: =IFERROR(INDEX(Company_Latest!H$2:H$500, SMALL(IF((Company_Latest!$L$2:$L$500="OVERDUE (IDLE)")+(Company_Latest!$L$2:$L$500="WARNING (3-14 Days)"), ROW(Company_Latest!$L$2:$L$500)-1), 18)), "") | G27: =IFERROR(INDEX(Company_Latest!K$2:K$500, SMALL(IF((Company_Latest!$L$2:$L$500="OVERDUE (IDLE)")+(Company_Latest!$L$2:$L$500="WARNING (3-14 Days)"), ROW(Company_Latest!$L$2:$L$500)-1), 18)), "") | H27: =IFERROR(INDEX(Company_Latest!L$2:L$500, SMALL(IF((Company_Latest!$L$2:$L$500="OVERDUE (IDLE)")+(Company_Latest!$L$2:$L$500="WARNING (3-14 Days)"), ROW(Company_Latest!$L$2:$L$500)-1), 18)), "")
A28: =IF(B28<>"", 19, "") | B28: =IFERROR(INDEX(Company_Latest!C$2:C$500, SMALL(IF((Company_Latest!$L$2:$L$500="OVERDUE (IDLE)")+(Company_Latest!$L$2:$L$500="WARNING (3-14 Days)"), ROW(Company_Latest!$L$2:$L$500)-1), 19)), "") | C28: =IFERROR(INDEX(Company_Latest!D$2:D$500, SMALL(IF((Company_Latest!$L$2:$L$500="OVERDUE (IDLE)")+(Company_Latest!$L$2:$L$500="WARNING (3-14 Days)"), ROW(Company_Latest!$L$2:$L$500)-1), 19)), "") | D28: =IFERROR(INDEX(Company_Latest!E$2:E$500, SMALL(IF((Company_Latest!$L$2:$L$500="OVERDUE (IDLE)")+(Company_Latest!$L$2:$L$500="WARNING (3-14 Days)"), ROW(Company_Latest!$L$2:$L$500)-1), 19)), "") | E28: =IFERROR(INDEX(Company_Latest!G$2:G$500, SMALL(IF((Company_Latest!$L$2:$L$500="OVERDUE (IDLE)")+(Company_Latest!$L$2:$L$500="WARNING (3-14 Days)"), ROW(Company_Latest!$L$2:$L$500)-1), 19)), "") | F28: =IFERROR(INDEX(Company_Latest!H$2:H$500, SMALL(IF((Company_Latest!$L$2:$L$500="OVERDUE (IDLE)")+(Company_Latest!$L$2:$L$500="WARNING (3-14 Days)"), ROW(Company_Latest!$L$2:$L$500)-1), 19)), "") | G28: =IFERROR(INDEX(Company_Latest!K$2:K$500, SMALL(IF((Company_Latest!$L$2:$L$500="OVERDUE (IDLE)")+(Company_Latest!$L$2:$L$500="WARNING (3-14 Days)"), ROW(Company_Latest!$L$2:$L$500)-1), 19)), "") | H28: =IFERROR(INDEX(Company_Latest!L$2:L$500, SMALL(IF((Company_Latest!$L$2:$L$500="OVERDUE (IDLE)")+(Company_Latest!$L$2:$L$500="WARNING (3-14 Days)"), ROW(Company_Latest!$L$2:$L$500)-1), 19)), "")
A29: =IF(B29<>"", 20, "") | B29: =IFERROR(INDEX(Company_Latest!C$2:C$500, SMALL(IF((Company_Latest!$L$2:$L$500="OVERDUE (IDLE)")+(Company_Latest!$L$2:$L$500="WARNING (3-14 Days)"), ROW(Company_Latest!$L$2:$L$500)-1), 20)), "") | C29: =IFERROR(INDEX(Company_Latest!D$2:D$500, SMALL(IF((Company_Latest!$L$2:$L$500="OVERDUE (IDLE)")+(Company_Latest!$L$2:$L$500="WARNING (3-14 Days)"), ROW(Company_Latest!$L$2:$L$500)-1), 20)), "") | D29: =IFERROR(INDEX(Company_Latest!E$2:E$500, SMALL(IF((Company_Latest!$L$2:$L$500="OVERDUE (IDLE)")+(Company_Latest!$L$2:$L$500="WARNING (3-14 Days)"), ROW(Company_Latest!$L$2:$L$500)-1), 20)), "") | E29: =IFERROR(INDEX(Company_Latest!G$2:G$500, SMALL(IF((Company_Latest!$L$2:$L$500="OVERDUE (IDLE)")+(Company_Latest!$L$2:$L$500="WARNING (3-14 Days)"), ROW(Company_Latest!$L$2:$L$500)-1), 20)), "") | F29: =IFERROR(INDEX(Company_Latest!H$2:H$500, SMALL(IF((Company_Latest!$L$2:$L$500="OVERDUE (IDLE)")+(Company_Latest!$L$2:$L$500="WARNING (3-14 Days)"), ROW(Company_Latest!$L$2:$L$500)-1), 20)), "") | G29: =IFERROR(INDEX(Company_Latest!K$2:K$500, SMALL(IF((Company_Latest!$L$2:$L$500="OVERDUE (IDLE)")+(Company_Latest!$L$2:$L$500="WARNING (3-14 Days)"), ROW(Company_Latest!$L$2:$L$500)-1), 20)), "") | H29: =IFERROR(INDEX(Company_Latest!L$2:L$500, SMALL(IF((Company_Latest!$L$2:$L$500="OVERDUE (IDLE)")+(Company_Latest!$L$2:$L$500="WARNING (3-14 Days)"), ROW(Company_Latest!$L$2:$L$500)-1), 20)), "")
A30: =IF(B30<>"", 21, "") | B30: =IFERROR(INDEX(Company_Latest!C$2:C$500, SMALL(IF((Company_Latest!$L$2:$L$500="OVERDUE (IDLE)")+(Company_Latest!$L$2:$L$500="WARNING (3-14 Days)"), ROW(Company_Latest!$L$2:$L$500)-1), 21)), "") | C30: =IFERROR(INDEX(Company_Latest!D$2:D$500, SMALL(IF((Company_Latest!$L$2:$L$500="OVERDUE (IDLE)")+(Company_Latest!$L$2:$L$500="WARNING (3-14 Days)"), ROW(Company_Latest!$L$2:$L$500)-1), 21)), "") | D30: =IFERROR(INDEX(Company_Latest!E$2:E$500, SMALL(IF((Company_Latest!$L$2:$L$500="OVERDUE (IDLE)")+(Company_Latest!$L$2:$L$500="WARNING (3-14 Days)"), ROW(Company_Latest!$L$2:$L$500)-1), 21)), "") | E30: =IFERROR(INDEX(Company_Latest!G$2:G$500, SMALL(IF((Company_Latest!$L$2:$L$500="OVERDUE (IDLE)")+(Company_Latest!$L$2:$L$500="WARNING (3-14 Days)"), ROW(Company_Latest!$L$2:$L$500)-1), 21)), "") | F30: =IFERROR(INDEX(Company_Latest!H$2:H$500, SMALL(IF((Company_Latest!$L$2:$L$500="OVERDUE (IDLE)")+(Company_Latest!$L$2:$L$500="WARNING (3-14 Days)"), ROW(Company_Latest!$L$2:$L$500)-1), 21)), "") | G30: =IFERROR(INDEX(Company_Latest!K$2:K$500, SMALL(IF((Company_Latest!$L$2:$L$500="OVERDUE (IDLE)")+(Company_Latest!$L$2:$L$500="WARNING (3-14 Days)"), ROW(Company_Latest!$L$2:$L$500)-1), 21)), "") | H30: =IFERROR(INDEX(Company_Latest!L$2:L$500, SMALL(IF((Company_Latest!$L$2:$L$500="OVERDUE (IDLE)")+(Company_Latest!$L$2:$L$500="WARNING (3-14 Days)"), ROW(Company_Latest!$L$2:$L$500)-1), 21)), "")
A31: =IF(B31<>"", 22, "") | B31: =IFERROR(INDEX(Company_Latest!C$2:C$500, SMALL(IF((Company_Latest!$L$2:$L$500="OVERDUE (IDLE)")+(Company_Latest!$L$2:$L$500="WARNING (3-14 Days)"), ROW(Company_Latest!$L$2:$L$500)-1), 22)), "") | C31: =IFERROR(INDEX(Company_Latest!D$2:D$500, SMALL(IF((Company_Latest!$L$2:$L$500="OVERDUE (IDLE)")+(Company_Latest!$L$2:$L$500="WARNING (3-14 Days)"), ROW(Company_Latest!$L$2:$L$500)-1), 22)), "") | D31: =IFERROR(INDEX(Company_Latest!E$2:E$500, SMALL(IF((Company_Latest!$L$2:$L$500="OVERDUE (IDLE)")+(Company_Latest!$L$2:$L$500="WARNING (3-14 Days)"), ROW(Company_Latest!$L$2:$L$500)-1), 22)), "") | E31: =IFERROR(INDEX(Company_Latest!G$2:G$500, SMALL(IF((Company_Latest!$L$2:$L$500="OVERDUE (IDLE)")+(Company_Latest!$L$2:$L$500="WARNING (3-14 Days)"), ROW(Company_Latest!$L$2:$L$500)-1), 22)), "") | F31: =IFERROR(INDEX(Company_Latest!H$2:H$500, SMALL(IF((Company_Latest!$L$2:$L$500="OVERDUE (IDLE)")+(Company_Latest!$L$2:$L$500="WARNING (3-14 Days)"), ROW(Company_Latest!$L$2:$L$500)-1), 22)), "") | G31: =IFERROR(INDEX(Company_Latest!K$2:K$500, SMALL(IF((Company_Latest!$L$2:$L$500="OVERDUE (IDLE)")+(Company_Latest!$L$2:$L$500="WARNING (3-14 Days)"), ROW(Company_Latest!$L$2:$L$500)-1), 22)), "") | H31: =IFERROR(INDEX(Company_Latest!L$2:L$500, SMALL(IF((Company_Latest!$L$2:$L$500="OVERDUE (IDLE)")+(Company_Latest!$L$2:$L$500="WARNING (3-14 Days)"), ROW(Company_Latest!$L$2:$L$500)-1), 22)), "")
A32: =IF(B32<>"", 23, "") | B32: =IFERROR(INDEX(Company_Latest!C$2:C$500, SMALL(IF((Company_Latest!$L$2:$L$500="OVERDUE (IDLE)")+(Company_Latest!$L$2:$L$500="WARNING (3-14 Days)"), ROW(Company_Latest!$L$2:$L$500)-1), 23)), "") | C32: =IFERROR(INDEX(Company_Latest!D$2:D$500, SMALL(IF((Company_Latest!$L$2:$L$500="OVERDUE (IDLE)")+(Company_Latest!$L$2:$L$500="WARNING (3-14 Days)"), ROW(Company_Latest!$L$2:$L$500)-1), 23)), "") | D32: =IFERROR(INDEX(Company_Latest!E$2:E$500, SMALL(IF((Company_Latest!$L$2:$L$500="OVERDUE (IDLE)")+(Company_Latest!$L$2:$L$500="WARNING (3-14 Days)"), ROW(Company_Latest!$L$2:$L$500)-1), 23)), "") | E32: =IFERROR(INDEX(Company_Latest!G$2:G$500, SMALL(IF((Company_Latest!$L$2:$L$500="OVERDUE (IDLE)")+(Company_Latest!$L$2:$L$500="WARNING (3-14 Days)"), ROW(Company_Latest!$L$2:$L$500)-1), 23)), "") | F32: =IFERROR(INDEX(Company_Latest!H$2:H$500, SMALL(IF((Company_Latest!$L$2:$L$500="OVERDUE (IDLE)")+(Company_Latest!$L$2:$L$500="WARNING (3-14 Days)"), ROW(Company_Latest!$L$2:$L$500)-1), 23)), "") | G32: =IFERROR(INDEX(Company_Latest!K$2:K$500, SMALL(IF((Company_Latest!$L$2:$L$500="OVERDUE (IDLE)")+(Company_Latest!$L$2:$L$500="WARNING (3-14 Days)"), ROW(Company_Latest!$L$2:$L$500)-1), 23)), "") | H32: =IFERROR(INDEX(Company_Latest!L$2:L$500, SMALL(IF((Company_Latest!$L$2:$L$500="OVERDUE (IDLE)")+(Company_Latest!$L$2:$L$500="WARNING (3-14 Days)"), ROW(Company_Latest!$L$2:$L$500)-1), 23)), "")
A33: =IF(B33<>"", 24, "") | B33: =IFERROR(INDEX(Company_Latest!C$2:C$500, SMALL(IF((Company_Latest!$L$2:$L$500="OVERDUE (IDLE)")+(Company_Latest!$L$2:$L$500="WARNING (3-14 Days)"), ROW(Company_Latest!$L$2:$L$500)-1), 24)), "") | C33: =IFERROR(INDEX(Company_Latest!D$2:D$500, SMALL(IF((Company_Latest!$L$2:$L$500="OVERDUE (IDLE)")+(Company_Latest!$L$2:$L$500="WARNING (3-14 Days)"), ROW(Company_Latest!$L$2:$L$500)-1), 24)), "") | D33: =IFERROR(INDEX(Company_Latest!E$2:E$500, SMALL(IF((Company_Latest!$L$2:$L$500="OVERDUE (IDLE)")+(Company_Latest!$L$2:$L$500="WARNING (3-14 Days)"), ROW(Company_Latest!$L$2:$L$500)-1), 24)), "") | E33: =IFERROR(INDEX(Company_Latest!G$2:G$500, SMALL(IF((Company_Latest!$L$2:$L$500="OVERDUE (IDLE)")+(Company_Latest!$L$2:$L$500="WARNING (3-14 Days)"), ROW(Company_Latest!$L$2:$L$500)-1), 24)), "") | F33: =IFERROR(INDEX(Company_Latest!H$2:H$500, SMALL(IF((Company_Latest!$L$2:$L$500="OVERDUE (IDLE)")+(Company_Latest!$L$2:$L$500="WARNING (3-14 Days)"), ROW(Company_Latest!$L$2:$L$500)-1), 24)), "") | G33: =IFERROR(INDEX(Company_Latest!K$2:K$500, SMALL(IF((Company_Latest!$L$2:$L$500="OVERDUE (IDLE)")+(Company_Latest!$L$2:$L$500="WARNING (3-14 Days)"), ROW(Company_Latest!$L$2:$L$500)-1), 24)), "") | H33: =IFERROR(INDEX(Company_Latest!L$2:L$500, SMALL(IF((Company_Latest!$L$2:$L$500="OVERDUE (IDLE)")+(Company_Latest!$L$2:$L$500="WARNING (3-14 Days)"), ROW(Company_Latest!$L$2:$L$500)-1), 24)), "")
A34: =IF(B34<>"", 25, "") | B34: =IFERROR(INDEX(Company_Latest!C$2:C$500, SMALL(IF((Company_Latest!$L$2:$L$500="OVERDUE (IDLE)")+(Company_Latest!$L$2:$L$500="WARNING (3-14 Days)"), ROW(Company_Latest!$L$2:$L$500)-1), 25)), "") | C34: =IFERROR(INDEX(Company_Latest!D$2:D$500, SMALL(IF((Company_Latest!$L$2:$L$500="OVERDUE (IDLE)")+(Company_Latest!$L$2:$L$500="WARNING (3-14 Days)"), ROW(Company_Latest!$L$2:$L$500)-1), 25)), "") | D34: =IFERROR(INDEX(Company_Latest!E$2:E$500, SMALL(IF((Company_Latest!$L$2:$L$500="OVERDUE (IDLE)")+(Company_Latest!$L$2:$L$500="WARNING (3-14 Days)"), ROW(Company_Latest!$L$2:$L$500)-1), 25)), "") | E34: =IFERROR(INDEX(Company_Latest!G$2:G$500, SMALL(IF((Company_Latest!$L$2:$L$500="OVERDUE (IDLE)")+(Company_Latest!$L$2:$L$500="WARNING (3-14 Days)"), ROW(Company_Latest!$L$2:$L$500)-1), 25)), "") | F34: =IFERROR(INDEX(Company_Latest!H$2:H$500, SMALL(IF((Company_Latest!$L$2:$L$500="OVERDUE (IDLE)")+(Company_Latest!$L$2:$L$500="WARNING (3-14 Days)"), ROW(Company_Latest!$L$2:$L$500)-1), 25)), "") | G34: =IFERROR(INDEX(Company_Latest!K$2:K$500, SMALL(IF((Company_Latest!$L$2:$L$500="OVERDUE (IDLE)")+(Company_Latest!$L$2:$L$500="WARNING (3-14 Days)"), ROW(Company_Latest!$L$2:$L$500)-1), 25)), "") | H34: =IFERROR(INDEX(Company_Latest!L$2:L$500, SMALL(IF((Company_Latest!$L$2:$L$500="OVERDUE (IDLE)")+(Company_Latest!$L$2:$L$500="WARNING (3-14 Days)"), ROW(Company_Latest!$L$2:$L$500)-1), 25)), "")
A35: =IF(B35<>"", 26, "") | B35: =IFERROR(INDEX(Company_Latest!C$2:C$500, SMALL(IF((Company_Latest!$L$2:$L$500="OVERDUE (IDLE)")+(Company_Latest!$L$2:$L$500="WARNING (3-14 Days)"), ROW(Company_Latest!$L$2:$L$500)-1), 26)), "") | C35: =IFERROR(INDEX(Company_Latest!D$2:D$500, SMALL(IF((Company_Latest!$L$2:$L$500="OVERDUE (IDLE)")+(Company_Latest!$L$2:$L$500="WARNING (3-14 Days)"), ROW(Company_Latest!$L$2:$L$500)-1), 26)), "") | D35: =IFERROR(INDEX(Company_Latest!E$2:E$500, SMALL(IF((Company_Latest!$L$2:$L$500="OVERDUE (IDLE)")+(Company_Latest!$L$2:$L$500="WARNING (3-14 Days)"), ROW(Company_Latest!$L$2:$L$500)-1), 26)), "") | E35: =IFERROR(INDEX(Company_Latest!G$2:G$500, SMALL(IF((Company_Latest!$L$2:$L$500="OVERDUE (IDLE)")+(Company_Latest!$L$2:$L$500="WARNING (3-14 Days)"), ROW(Company_Latest!$L$2:$L$500)-1), 26)), "") | F35: =IFERROR(INDEX(Company_Latest!H$2:H$500, SMALL(IF((Company_Latest!$L$2:$L$500="OVERDUE (IDLE)")+(Company_Latest!$L$2:$L$500="WARNING (3-14 Days)"), ROW(Company_Latest!$L$2:$L$500)-1), 26)), "") | G35: =IFERROR(INDEX(Company_Latest!K$2:K$500, SMALL(IF((Company_Latest!$L$2:$L$500="OVERDUE (IDLE)")+(Company_Latest!$L$2:$L$500="WARNING (3-14 Days)"), ROW(Company_Latest!$L$2:$L$500)-1), 26)), "") | H35: =IFERROR(INDEX(Company_Latest!L$2:L$500, SMALL(IF((Company_Latest!$L$2:$L$500="OVERDUE (IDLE)")+(Company_Latest!$L$2:$L$500="WARNING (3-14 Days)"), ROW(Company_Latest!$L$2:$L$500)-1), 26)), "")
A36: =IF(B36<>"", 27, "") | B36: =IFERROR(INDEX(Company_Latest!C$2:C$500, SMALL(IF((Company_Latest!$L$2:$L$500="OVERDUE (IDLE)")+(Company_Latest!$L$2:$L$500="WARNING (3-14 Days)"), ROW(Company_Latest!$L$2:$L$500)-1), 27)), "") | C36: =IFERROR(INDEX(Company_Latest!D$2:D$500, SMALL(IF((Company_Latest!$L$2:$L$500="OVERDUE (IDLE)")+(Company_Latest!$L$2:$L$500="WARNING (3-14 Days)"), ROW(Company_Latest!$L$2:$L$500)-1), 27)), "") | D36: =IFERROR(INDEX(Company_Latest!E$2:E$500, SMALL(IF((Company_Latest!$L$2:$L$500="OVERDUE (IDLE)")+(Company_Latest!$L$2:$L$500="WARNING (3-14 Days)"), ROW(Company_Latest!$L$2:$L$500)-1), 27)), "") | E36: =IFERROR(INDEX(Company_Latest!G$2:G$500, SMALL(IF((Company_Latest!$L$2:$L$500="OVERDUE (IDLE)")+(Company_Latest!$L$2:$L$500="WARNING (3-14 Days)"), ROW(Company_Latest!$L$2:$L$500)-1), 27)), "") | F36: =IFERROR(INDEX(Company_Latest!H$2:H$500, SMALL(IF((Company_Latest!$L$2:$L$500="OVERDUE (IDLE)")+(Company_Latest!$L$2:$L$500="WARNING (3-14 Days)"), ROW(Company_Latest!$L$2:$L$500)-1), 27)), "") | G36: =IFERROR(INDEX(Company_Latest!K$2:K$500, SMALL(IF((Company_Latest!$L$2:$L$500="OVERDUE (IDLE)")+(Company_Latest!$L$2:$L$500="WARNING (3-14 Days)"), ROW(Company_Latest!$L$2:$L$500)-1), 27)), "") | H36: =IFERROR(INDEX(Company_Latest!L$2:L$500, SMALL(IF((Company_Latest!$L$2:$L$500="OVERDUE (IDLE)")+(Company_Latest!$L$2:$L$500="WARNING (3-14 Days)"), ROW(Company_Latest!$L$2:$L$500)-1), 27)), "")
A37: =IF(B37<>"", 28, "") | B37: =IFERROR(INDEX(Company_Latest!C$2:C$500, SMALL(IF((Company_Latest!$L$2:$L$500="OVERDUE (IDLE)")+(Company_Latest!$L$2:$L$500="WARNING (3-14 Days)"), ROW(Company_Latest!$L$2:$L$500)-1), 28)), "") | C37: =IFERROR(INDEX(Company_Latest!D$2:D$500, SMALL(IF((Company_Latest!$L$2:$L$500="OVERDUE (IDLE)")+(Company_Latest!$L$2:$L$500="WARNING (3-14 Days)"), ROW(Company_Latest!$L$2:$L$500)-1), 28)), "") | D37: =IFERROR(INDEX(Company_Latest!E$2:E$500, SMALL(IF((Company_Latest!$L$2:$L$500="OVERDUE (IDLE)")+(Company_Latest!$L$2:$L$500="WARNING (3-14 Days)"), ROW(Company_Latest!$L$2:$L$500)-1), 28)), "") | E37: =IFERROR(INDEX(Company_Latest!G$2:G$500, SMALL(IF((Company_Latest!$L$2:$L$500="OVERDUE (IDLE)")+(Company_Latest!$L$2:$L$500="WARNING (3-14 Days)"), ROW(Company_Latest!$L$2:$L$500)-1), 28)), "") | F37: =IFERROR(INDEX(Company_Latest!H$2:H$500, SMALL(IF((Company_Latest!$L$2:$L$500="OVERDUE (IDLE)")+(Company_Latest!$L$2:$L$500="WARNING (3-14 Days)"), ROW(Company_Latest!$L$2:$L$500)-1), 28)), "") | G37: =IFERROR(INDEX(Company_Latest!K$2:K$500, SMALL(IF((Company_Latest!$L$2:$L$500="OVERDUE (IDLE)")+(Company_Latest!$L$2:$L$500="WARNING (3-14 Days)"), ROW(Company_Latest!$L$2:$L$500)-1), 28)), "") | H37: =IFERROR(INDEX(Company_Latest!L$2:L$500, SMALL(IF((Company_Latest!$L$2:$L$500="OVERDUE (IDLE)")+(Company_Latest!$L$2:$L$500="WARNING (3-14 Days)"), ROW(Company_Latest!$L$2:$L$500)-1), 28)), "")
A38: =IF(B38<>"", 29, "") | B38: =IFERROR(INDEX(Company_Latest!C$2:C$500, SMALL(IF((Company_Latest!$L$2:$L$500="OVERDUE (IDLE)")+(Company_Latest!$L$2:$L$500="WARNING (3-14 Days)"), ROW(Company_Latest!$L$2:$L$500)-1), 29)), "") | C38: =IFERROR(INDEX(Company_Latest!D$2:D$500, SMALL(IF((Company_Latest!$L$2:$L$500="OVERDUE (IDLE)")+(Company_Latest!$L$2:$L$500="WARNING (3-14 Days)"), ROW(Company_Latest!$L$2:$L$500)-1), 29)), "") | D38: =IFERROR(INDEX(Company_Latest!E$2:E$500, SMALL(IF((Company_Latest!$L$2:$L$500="OVERDUE (IDLE)")+(Company_Latest!$L$2:$L$500="WARNING (3-14 Days)"), ROW(Company_Latest!$L$2:$L$500)-1), 29)), "") | E38: =IFERROR(INDEX(Company_Latest!G$2:G$500, SMALL(IF((Company_Latest!$L$2:$L$500="OVERDUE (IDLE)")+(Company_Latest!$L$2:$L$500="WARNING (3-14 Days)"), ROW(Company_Latest!$L$2:$L$500)-1), 29)), "") | F38: =IFERROR(INDEX(Company_Latest!H$2:H$500, SMALL(IF((Company_Latest!$L$2:$L$500="OVERDUE (IDLE)")+(Company_Latest!$L$2:$L$500="WARNING (3-14 Days)"), ROW(Company_Latest!$L$2:$L$500)-1), 29)), "") | G38: =IFERROR(INDEX(Company_Latest!K$2:K$500, SMALL(IF((Company_Latest!$L$2:$L$500="OVERDUE (IDLE)")+(Company_Latest!$L$2:$L$500="WARNING (3-14 Days)"), ROW(Company_Latest!$L$2:$L$500)-1), 29)), "") | H38: =IFERROR(INDEX(Company_Latest!L$2:L$500, SMALL(IF((Company_Latest!$L$2:$L$500="OVERDUE (IDLE)")+(Company_Latest!$L$2:$L$500="WARNING (3-14 Days)"), ROW(Company_Latest!$L$2:$L$500)-1), 29)), "")
A39: =IF(B39<>"", 30, "") | B39: =IFERROR(INDEX(Company_Latest!C$2:C$500, SMALL(IF((Company_Latest!$L$2:$L$500="OVERDUE (IDLE)")+(Company_Latest!$L$2:$L$500="WARNING (3-14 Days)"), ROW(Company_Latest!$L$2:$L$500)-1), 30)), "") | C39: =IFERROR(INDEX(Company_Latest!D$2:D$500, SMALL(IF((Company_Latest!$L$2:$L$500="OVERDUE (IDLE)")+(Company_Latest!$L$2:$L$500="WARNING (3-14 Days)"), ROW(Company_Latest!$L$2:$L$500)-1), 30)), "") | D39: =IFERROR(INDEX(Company_Latest!E$2:E$500, SMALL(IF((Company_Latest!$L$2:$L$500="OVERDUE (IDLE)")+(Company_Latest!$L$2:$L$500="WARNING (3-14 Days)"), ROW(Company_Latest!$L$2:$L$500)-1), 30)), "") | E39: =IFERROR(INDEX(Company_Latest!G$2:G$500, SMALL(IF((Company_Latest!$L$2:$L$500="OVERDUE (IDLE)")+(Company_Latest!$L$2:$L$500="WARNING (3-14 Days)"), ROW(Company_Latest!$L$2:$L$500)-1), 30)), "") | F39: =IFERROR(INDEX(Company_Latest!H$2:H$500, SMALL(IF((Company_Latest!$L$2:$L$500="OVERDUE (IDLE)")+(Company_Latest!$L$2:$L$500="WARNING (3-14 Days)"), ROW(Company_Latest!$L$2:$L$500)-1), 30)), "") | G39: =IFERROR(INDEX(Company_Latest!K$2:K$500, SMALL(IF((Company_Latest!$L$2:$L$500="OVERDUE (IDLE)")+(Company_Latest!$L$2:$L$500="WARNING (3-14 Days)"), ROW(Company_Latest!$L$2:$L$500)-1), 30)), "") | H39: =IFERROR(INDEX(Company_Latest!L$2:L$500, SMALL(IF((Company_Latest!$L$2:$L$500="OVERDUE (IDLE)")+(Company_Latest!$L$2:$L$500="WARNING (3-14 Days)"), ROW(Company_Latest!$L$2:$L$500)-1), 30)), "")
A40: =IF(B40<>"", 31, "") | B40: =IFERROR(INDEX(Company_Latest!C$2:C$500, SMALL(IF((Company_Latest!$L$2:$L$500="OVERDUE (IDLE)")+(Company_Latest!$L$2:$L$500="WARNING (3-14 Days)"), ROW(Company_Latest!$L$2:$L$500)-1), 31)), "") | C40: =IFERROR(INDEX(Company_Latest!D$2:D$500, SMALL(IF((Company_Latest!$L$2:$L$500="OVERDUE (IDLE)")+(Company_Latest!$L$2:$L$500="WARNING (3-14 Days)"), ROW(Company_Latest!$L$2:$L$500)-1), 31)), "") | D40: =IFERROR(INDEX(Company_Latest!E$2:E$500, SMALL(IF((Company_Latest!$L$2:$L$500="OVERDUE (IDLE)")+(Company_Latest!$L$2:$L$500="WARNING (3-14 Days)"), ROW(Company_Latest!$L$2:$L$500)-1), 31)), "") | E40: =IFERROR(INDEX(Company_Latest!G$2:G$500, SMALL(IF((Company_Latest!$L$2:$L$500="OVERDUE (IDLE)")+(Company_Latest!$L$2:$L$500="WARNING (3-14 Days)"), ROW(Company_Latest!$L$2:$L$500)-1), 31)), "") | F40: =IFERROR(INDEX(Company_Latest!H$2:H$500, SMALL(IF((Company_Latest!$L$2:$L$500="OVERDUE (IDLE)")+(Company_Latest!$L$2:$L$500="WARNING (3-14 Days)"), ROW(Company_Latest!$L$2:$L$500)-1), 31)), "") | G40: =IFERROR(INDEX(Company_Latest!K$2:K$500, SMALL(IF((Company_Latest!$L$2:$L$500="OVERDUE (IDLE)")+(Company_Latest!$L$2:$L$500="WARNING (3-14 Days)"), ROW(Company_Latest!$L$2:$L$500)-1), 31)), "") | H40: =IFERROR(INDEX(Company_Latest!L$2:L$500, SMALL(IF((Company_Latest!$L$2:$L$500="OVERDUE (IDLE)")+(Company_Latest!$L$2:$L$500="WARNING (3-14 Days)"), ROW(Company_Latest!$L$2:$L$500)-1), 31)), "")
A41: =IF(B41<>"", 32, "") | B41: =IFERROR(INDEX(Company_Latest!C$2:C$500, SMALL(IF((Company_Latest!$L$2:$L$500="OVERDUE (IDLE)")+(Company_Latest!$L$2:$L$500="WARNING (3-14 Days)"), ROW(Company_Latest!$L$2:$L$500)-1), 32)), "") | C41: =IFERROR(INDEX(Company_Latest!D$2:D$500, SMALL(IF((Company_Latest!$L$2:$L$500="OVERDUE (IDLE)")+(Company_Latest!$L$2:$L$500="WARNING (3-14 Days)"), ROW(Company_Latest!$L$2:$L$500)-1), 32)), "") | D41: =IFERROR(INDEX(Company_Latest!E$2:E$500, SMALL(IF((Company_Latest!$L$2:$L$500="OVERDUE (IDLE)")+(Company_Latest!$L$2:$L$500="WARNING (3-14 Days)"), ROW(Company_Latest!$L$2:$L$500)-1), 32)), "") | E41: =IFERROR(INDEX(Company_Latest!G$2:G$500, SMALL(IF((Company_Latest!$L$2:$L$500="OVERDUE (IDLE)")+(Company_Latest!$L$2:$L$500="WARNING (3-14 Days)"), ROW(Company_Latest!$L$2:$L$500)-1), 32)), "") | F41: =IFERROR(INDEX(Company_Latest!H$2:H$500, SMALL(IF((Company_Latest!$L$2:$L$500="OVERDUE (IDLE)")+(Company_Latest!$L$2:$L$500="WARNING (3-14 Days)"), ROW(Company_Latest!$L$2:$L$500)-1), 32)), "") | G41: =IFERROR(INDEX(Company_Latest!K$2:K$500, SMALL(IF((Company_Latest!$L$2:$L$500="OVERDUE (IDLE)")+(Company_Latest!$L$2:$L$500="WARNING (3-14 Days)"), ROW(Company_Latest!$L$2:$L$500)-1), 32)), "") | H41: =IFERROR(INDEX(Company_Latest!L$2:L$500, SMALL(IF((Company_Latest!$L$2:$L$500="OVERDUE (IDLE)")+(Company_Latest!$L$2:$L$500="WARNING (3-14 Days)"), ROW(Company_Latest!$L$2:$L$500)-1), 32)), "")
A42: =IF(B42<>"", 33, "") | B42: =IFERROR(INDEX(Company_Latest!C$2:C$500, SMALL(IF((Company_Latest!$L$2:$L$500="OVERDUE (IDLE)")+(Company_Latest!$L$2:$L$500="WARNING (3-14 Days)"), ROW(Company_Latest!$L$2:$L$500)-1), 33)), "") | C42: =IFERROR(INDEX(Company_Latest!D$2:D$500, SMALL(IF((Company_Latest!$L$2:$L$500="OVERDUE (IDLE)")+(Company_Latest!$L$2:$L$500="WARNING (3-14 Days)"), ROW(Company_Latest!$L$2:$L$500)-1), 33)), "") | D42: =IFERROR(INDEX(Company_Latest!E$2:E$500, SMALL(IF((Company_Latest!$L$2:$L$500="OVERDUE (IDLE)")+(Company_Latest!$L$2:$L$500="WARNING (3-14 Days)"), ROW(Company_Latest!$L$2:$L$500)-1), 33)), "") | E42: =IFERROR(INDEX(Company_Latest!G$2:G$500, SMALL(IF((Company_Latest!$L$2:$L$500="OVERDUE (IDLE)")+(Company_Latest!$L$2:$L$500="WARNING (3-14 Days)"), ROW(Company_Latest!$L$2:$L$500)-1), 33)), "") | F42: =IFERROR(INDEX(Company_Latest!H$2:H$500, SMALL(IF((Company_Latest!$L$2:$L$500="OVERDUE (IDLE)")+(Company_Latest!$L$2:$L$500="WARNING (3-14 Days)"), ROW(Company_Latest!$L$2:$L$500)-1), 33)), "") | G42: =IFERROR(INDEX(Company_Latest!K$2:K$500, SMALL(IF((Company_Latest!$L$2:$L$500="OVERDUE (IDLE)")+(Company_Latest!$L$2:$L$500="WARNING (3-14 Days)"), ROW(Company_Latest!$L$2:$L$500)-1), 33)), "") | H42: =IFERROR(INDEX(Company_Latest!L$2:L$500, SMALL(IF((Company_Latest!$L$2:$L$500="OVERDUE (IDLE)")+(Company_Latest!$L$2:$L$500="WARNING (3-14 Days)"), ROW(Company_Latest!$L$2:$L$500)-1), 33)), "")
A43: =IF(B43<>"", 34, "") | B43: =IFERROR(INDEX(Company_Latest!C$2:C$500, SMALL(IF((Company_Latest!$L$2:$L$500="OVERDUE (IDLE)")+(Company_Latest!$L$2:$L$500="WARNING (3-14 Days)"), ROW(Company_Latest!$L$2:$L$500)-1), 34)), "") | C43: =IFERROR(INDEX(Company_Latest!D$2:D$500, SMALL(IF((Company_Latest!$L$2:$L$500="OVERDUE (IDLE)")+(Company_Latest!$L$2:$L$500="WARNING (3-14 Days)"), ROW(Company_Latest!$L$2:$L$500)-1), 34)), "") | D43: =IFERROR(INDEX(Company_Latest!E$2:E$500, SMALL(IF((Company_Latest!$L$2:$L$500="OVERDUE (IDLE)")+(Company_Latest!$L$2:$L$500="WARNING (3-14 Days)"), ROW(Company_Latest!$L$2:$L$500)-1), 34)), "") | E43: =IFERROR(INDEX(Company_Latest!G$2:G$500, SMALL(IF((Company_Latest!$L$2:$L$500="OVERDUE (IDLE)")+(Company_Latest!$L$2:$L$500="WARNING (3-14 Days)"), ROW(Company_Latest!$L$2:$L$500)-1), 34)), "") | F43: =IFERROR(INDEX(Company_Latest!H$2:H$500, SMALL(IF((Company_Latest!$L$2:$L$500="OVERDUE (IDLE)")+(Company_Latest!$L$2:$L$500="WARNING (3-14 Days)"), ROW(Company_Latest!$L$2:$L$500)-1), 34)), "") | G43: =IFERROR(INDEX(Company_Latest!K$2:K$500, SMALL(IF((Company_Latest!$L$2:$L$500="OVERDUE (IDLE)")+(Company_Latest!$L$2:$L$500="WARNING (3-14 Days)"), ROW(Company_Latest!$L$2:$L$500)-1), 34)), "") | H43: =IFERROR(INDEX(Company_Latest!L$2:L$500, SMALL(IF((Company_Latest!$L$2:$L$500="OVERDUE (IDLE)")+(Company_Latest!$L$2:$L$500="WARNING (3-14 Days)"), ROW(Company_Latest!$L$2:$L$500)-1), 34)), "")
A44: =IF(B44<>"", 35, "") | B44: =IFERROR(INDEX(Company_Latest!C$2:C$500, SMALL(IF((Company_Latest!$L$2:$L$500="OVERDUE (IDLE)")+(Company_Latest!$L$2:$L$500="WARNING (3-14 Days)"), ROW(Company_Latest!$L$2:$L$500)-1), 35)), "") | C44: =IFERROR(INDEX(Company_Latest!D$2:D$500, SMALL(IF((Company_Latest!$L$2:$L$500="OVERDUE (IDLE)")+(Company_Latest!$L$2:$L$500="WARNING (3-14 Days)"), ROW(Company_Latest!$L$2:$L$500)-1), 35)), "") | D44: =IFERROR(INDEX(Company_Latest!E$2:E$500, SMALL(IF((Company_Latest!$L$2:$L$500="OVERDUE (IDLE)")+(Company_Latest!$L$2:$L$500="WARNING (3-14 Days)"), ROW(Company_Latest!$L$2:$L$500)-1), 35)), "") | E44: =IFERROR(INDEX(Company_Latest!G$2:G$500, SMALL(IF((Company_Latest!$L$2:$L$500="OVERDUE (IDLE)")+(Company_Latest!$L$2:$L$500="WARNING (3-14 Days)"), ROW(Company_Latest!$L$2:$L$500)-1), 35)), "") | F44: =IFERROR(INDEX(Company_Latest!H$2:H$500, SMALL(IF((Company_Latest!$L$2:$L$500="OVERDUE (IDLE)")+(Company_Latest!$L$2:$L$500="WARNING (3-14 Days)"), ROW(Company_Latest!$L$2:$L$500)-1), 35)), "") | G44: =IFERROR(INDEX(Company_Latest!K$2:K$500, SMALL(IF((Company_Latest!$L$2:$L$500="OVERDUE (IDLE)")+(Company_Latest!$L$2:$L$500="WARNING (3-14 Days)"), ROW(Company_Latest!$L$2:$L$500)-1), 35)), "") | H44: =IFERROR(INDEX(Company_Latest!L$2:L$500, SMALL(IF((Company_Latest!$L$2:$L$500="OVERDUE (IDLE)")+(Company_Latest!$L$2:$L$500="WARNING (3-14 Days)"), ROW(Company_Latest!$L$2:$L$500)-1), 35)), "")
A45: =IF(B45<>"", 36, "") | B45: =IFERROR(INDEX(Company_Latest!C$2:C$500, SMALL(IF((Company_Latest!$L$2:$L$500="OVERDUE (IDLE)")+(Company_Latest!$L$2:$L$500="WARNING (3-14 Days)"), ROW(Company_Latest!$L$2:$L$500)-1), 36)), "") | C45: =IFERROR(INDEX(Company_Latest!D$2:D$500, SMALL(IF((Company_Latest!$L$2:$L$500="OVERDUE (IDLE)")+(Company_Latest!$L$2:$L$500="WARNING (3-14 Days)"), ROW(Company_Latest!$L$2:$L$500)-1), 36)), "") | D45: =IFERROR(INDEX(Company_Latest!E$2:E$500, SMALL(IF((Company_Latest!$L$2:$L$500="OVERDUE (IDLE)")+(Company_Latest!$L$2:$L$500="WARNING (3-14 Days)"), ROW(Company_Latest!$L$2:$L$500)-1), 36)), "") | E45: =IFERROR(INDEX(Company_Latest!G$2:G$500, SMALL(IF((Company_Latest!$L$2:$L$500="OVERDUE (IDLE)")+(Company_Latest!$L$2:$L$500="WARNING (3-14 Days)"), ROW(Company_Latest!$L$2:$L$500)-1), 36)), "") | F45: =IFERROR(INDEX(Company_Latest!H$2:H$500, SMALL(IF((Company_Latest!$L$2:$L$500="OVERDUE (IDLE)")+(Company_Latest!$L$2:$L$500="WARNING (3-14 Days)"), ROW(Company_Latest!$L$2:$L$500)-1), 36)), "") | G45: =IFERROR(INDEX(Company_Latest!K$2:K$500, SMALL(IF((Company_Latest!$L$2:$L$500="OVERDUE (IDLE)")+(Company_Latest!$L$2:$L$500="WARNING (3-14 Days)"), ROW(Company_Latest!$L$2:$L$500)-1), 36)), "") | H45: =IFERROR(INDEX(Company_Latest!L$2:L$500, SMALL(IF((Company_Latest!$L$2:$L$500="OVERDUE (IDLE)")+(Company_Latest!$L$2:$L$500="WARNING (3-14 Days)"), ROW(Company_Latest!$L$2:$L$500)-1), 36)), "")
A46: =IF(B46<>"", 37, "") | B46: =IFERROR(INDEX(Company_Latest!C$2:C$500, SMALL(IF((Company_Latest!$L$2:$L$500="OVERDUE (IDLE)")+(Company_Latest!$L$2:$L$500="WARNING (3-14 Days)"), ROW(Company_Latest!$L$2:$L$500)-1), 37)), "") | C46: =IFERROR(INDEX(Company_Latest!D$2:D$500, SMALL(IF((Company_Latest!$L$2:$L$500="OVERDUE (IDLE)")+(Company_Latest!$L$2:$L$500="WARNING (3-14 Days)"), ROW(Company_Latest!$L$2:$L$500)-1), 37)), "") | D46: =IFERROR(INDEX(Company_Latest!E$2:E$500, SMALL(IF((Company_Latest!$L$2:$L$500="OVERDUE (IDLE)")+(Company_Latest!$L$2:$L$500="WARNING (3-14 Days)"), ROW(Company_Latest!$L$2:$L$500)-1), 37)), "") | E46: =IFERROR(INDEX(Company_Latest!G$2:G$500, SMALL(IF((Company_Latest!$L$2:$L$500="OVERDUE (IDLE)")+(Company_Latest!$L$2:$L$500="WARNING (3-14 Days)"), ROW(Company_Latest!$L$2:$L$500)-1), 37)), "") | F46: =IFERROR(INDEX(Company_Latest!H$2:H$500, SMALL(IF((Company_Latest!$L$2:$L$500="OVERDUE (IDLE)")+(Company_Latest!$L$2:$L$500="WARNING (3-14 Days)"), ROW(Company_Latest!$L$2:$L$500)-1), 37)), "") | G46: =IFERROR(INDEX(Company_Latest!K$2:K$500, SMALL(IF((Company_Latest!$L$2:$L$500="OVERDUE (IDLE)")+(Company_Latest!$L$2:$L$500="WARNING (3-14 Days)"), ROW(Company_Latest!$L$2:$L$500)-1), 37)), "") | H46: =IFERROR(INDEX(Company_Latest!L$2:L$500, SMALL(IF((Company_Latest!$L$2:$L$500="OVERDUE (IDLE)")+(Company_Latest!$L$2:$L$500="WARNING (3-14 Days)"), ROW(Company_Latest!$L$2:$L$500)-1), 37)), "")
A47: =IF(B47<>"", 38, "") | B47: =IFERROR(INDEX(Company_Latest!C$2:C$500, SMALL(IF((Company_Latest!$L$2:$L$500="OVERDUE (IDLE)")+(Company_Latest!$L$2:$L$500="WARNING (3-14 Days)"), ROW(Company_Latest!$L$2:$L$500)-1), 38)), "") | C47: =IFERROR(INDEX(Company_Latest!D$2:D$500, SMALL(IF((Company_Latest!$L$2:$L$500="OVERDUE (IDLE)")+(Company_Latest!$L$2:$L$500="WARNING (3-14 Days)"), ROW(Company_Latest!$L$2:$L$500)-1), 38)), "") | D47: =IFERROR(INDEX(Company_Latest!E$2:E$500, SMALL(IF((Company_Latest!$L$2:$L$500="OVERDUE (IDLE)")+(Company_Latest!$L$2:$L$500="WARNING (3-14 Days)"), ROW(Company_Latest!$L$2:$L$500)-1), 38)), "") | E47: =IFERROR(INDEX(Company_Latest!G$2:G$500, SMALL(IF((Company_Latest!$L$2:$L$500="OVERDUE (IDLE)")+(Company_Latest!$L$2:$L$500="WARNING (3-14 Days)"), ROW(Company_Latest!$L$2:$L$500)-1), 38)), "") | F47: =IFERROR(INDEX(Company_Latest!H$2:H$500, SMALL(IF((Company_Latest!$L$2:$L$500="OVERDUE (IDLE)")+(Company_Latest!$L$2:$L$500="WARNING (3-14 Days)"), ROW(Company_Latest!$L$2:$L$500)-1), 38)), "") | G47: =IFERROR(INDEX(Company_Latest!K$2:K$500, SMALL(IF((Company_Latest!$L$2:$L$500="OVERDUE (IDLE)")+(Company_Latest!$L$2:$L$500="WARNING (3-14 Days)"), ROW(Company_Latest!$L$2:$L$500)-1), 38)), "") | H47: =IFERROR(INDEX(Company_Latest!L$2:L$500, SMALL(IF((Company_Latest!$L$2:$L$500="OVERDUE (IDLE)")+(Company_Latest!$L$2:$L$500="WARNING (3-14 Days)"), ROW(Company_Latest!$L$2:$L$500)-1), 38)), "")
A48: =IF(B48<>"", 39, "") | B48: =IFERROR(INDEX(Company_Latest!C$2:C$500, SMALL(IF((Company_Latest!$L$2:$L$500="OVERDUE (IDLE)")+(Company_Latest!$L$2:$L$500="WARNING (3-14 Days)"), ROW(Company_Latest!$L$2:$L$500)-1), 39)), "") | C48: =IFERROR(INDEX(Company_Latest!D$2:D$500, SMALL(IF((Company_Latest!$L$2:$L$500="OVERDUE (IDLE)")+(Company_Latest!$L$2:$L$500="WARNING (3-14 Days)"), ROW(Company_Latest!$L$2:$L$500)-1), 39)), "") | D48: =IFERROR(INDEX(Company_Latest!E$2:E$500, SMALL(IF((Company_Latest!$L$2:$L$500="OVERDUE (IDLE)")+(Company_Latest!$L$2:$L$500="WARNING (3-14 Days)"), ROW(Company_Latest!$L$2:$L$500)-1), 39)), "") | E48: =IFERROR(INDEX(Company_Latest!G$2:G$500, SMALL(IF((Company_Latest!$L$2:$L$500="OVERDUE (IDLE)")+(Company_Latest!$L$2:$L$500="WARNING (3-14 Days)"), ROW(Company_Latest!$L$2:$L$500)-1), 39)), "") | F48: =IFERROR(INDEX(Company_Latest!H$2:H$500, SMALL(IF((Company_Latest!$L$2:$L$500="OVERDUE (IDLE)")+(Company_Latest!$L$2:$L$500="WARNING (3-14 Days)"), ROW(Company_Latest!$L$2:$L$500)-1), 39)), "") | G48: =IFERROR(INDEX(Company_Latest!K$2:K$500, SMALL(IF((Company_Latest!$L$2:$L$500="OVERDUE (IDLE)")+(Company_Latest!$L$2:$L$500="WARNING (3-14 Days)"), ROW(Company_Latest!$L$2:$L$500)-1), 39)), "") | H48: =IFERROR(INDEX(Company_Latest!L$2:L$500, SMALL(IF((Company_Latest!$L$2:$L$500="OVERDUE (IDLE)")+(Company_Latest!$L$2:$L$500="WARNING (3-14 Days)"), ROW(Company_Latest!$L$2:$L$500)-1), 39)), "")
A49: =IF(B49<>"", 40, "") | B49: =IFERROR(INDEX(Company_Latest!C$2:C$500, SMALL(IF((Company_Latest!$L$2:$L$500="OVERDUE (IDLE)")+(Company_Latest!$L$2:$L$500="WARNING (3-14 Days)"), ROW(Company_Latest!$L$2:$L$500)-1), 40)), "") | C49: =IFERROR(INDEX(Company_Latest!D$2:D$500, SMALL(IF((Company_Latest!$L$2:$L$500="OVERDUE (IDLE)")+(Company_Latest!$L$2:$L$500="WARNING (3-14 Days)"), ROW(Company_Latest!$L$2:$L$500)-1), 40)), "") | D49: =IFERROR(INDEX(Company_Latest!E$2:E$500, SMALL(IF((Company_Latest!$L$2:$L$500="OVERDUE (IDLE)")+(Company_Latest!$L$2:$L$500="WARNING (3-14 Days)"), ROW(Company_Latest!$L$2:$L$500)-1), 40)), "") | E49: =IFERROR(INDEX(Company_Latest!G$2:G$500, SMALL(IF((Company_Latest!$L$2:$L$500="OVERDUE (IDLE)")+(Company_Latest!$L$2:$L$500="WARNING (3-14 Days)"), ROW(Company_Latest!$L$2:$L$500)-1), 40)), "") | F49: =IFERROR(INDEX(Company_Latest!H$2:H$500, SMALL(IF((Company_Latest!$L$2:$L$500="OVERDUE (IDLE)")+(Company_Latest!$L$2:$L$500="WARNING (3-14 Days)"), ROW(Company_Latest!$L$2:$L$500)-1), 40)), "") | G49: =IFERROR(INDEX(Company_Latest!K$2:K$500, SMALL(IF((Company_Latest!$L$2:$L$500="OVERDUE (IDLE)")+(Company_Latest!$L$2:$L$500="WARNING (3-14 Days)"), ROW(Company_Latest!$L$2:$L$500)-1), 40)), "") | H49: =IFERROR(INDEX(Company_Latest!L$2:L$500, SMALL(IF((Company_Latest!$L$2:$L$500="OVERDUE (IDLE)")+(Company_Latest!$L$2:$L$500="WARNING (3-14 Days)"), ROW(Company_Latest!$L$2:$L$500)-1), 40)), "")
A50: =IF(B50<>"", 41, "") | B50: =IFERROR(INDEX(Company_Latest!C$2:C$500, SMALL(IF((Company_Latest!$L$2:$L$500="OVERDUE (IDLE)")+(Company_Latest!$L$2:$L$500="WARNING (3-14 Days)"), ROW(Company_Latest!$L$2:$L$500)-1), 41)), "") | C50: =IFERROR(INDEX(Company_Latest!D$2:D$500, SMALL(IF((Company_Latest!$L$2:$L$500="OVERDUE (IDLE)")+(Company_Latest!$L$2:$L$500="WARNING (3-14 Days)"), ROW(Company_Latest!$L$2:$L$500)-1), 41)), "") | D50: =IFERROR(INDEX(Company_Latest!E$2:E$500, SMALL(IF((Company_Latest!$L$2:$L$500="OVERDUE (IDLE)")+(Company_Latest!$L$2:$L$500="WARNING (3-14 Days)"), ROW(Company_Latest!$L$2:$L$500)-1), 41)), "") | E50: =IFERROR(INDEX(Company_Latest!G$2:G$500, SMALL(IF((Company_Latest!$L$2:$L$500="OVERDUE (IDLE)")+(Company_Latest!$L$2:$L$500="WARNING (3-14 Days)"), ROW(Company_Latest!$L$2:$L$500)-1), 41)), "") | F50: =IFERROR(INDEX(Company_Latest!H$2:H$500, SMALL(IF((Company_Latest!$L$2:$L$500="OVERDUE (IDLE)")+(Company_Latest!$L$2:$L$500="WARNING (3-14 Days)"), ROW(Company_Latest!$L$2:$L$500)-1), 41)), "") | G50: =IFERROR(INDEX(Company_Latest!K$2:K$500, SMALL(IF((Company_Latest!$L$2:$L$500="OVERDUE (IDLE)")+(Company_Latest!$L$2:$L$500="WARNING (3-14 Days)"), ROW(Company_Latest!$L$2:$L$500)-1), 41)), "") | H50: =IFERROR(INDEX(Company_Latest!L$2:L$500, SMALL(IF((Company_Latest!$L$2:$L$500="OVERDUE (IDLE)")+(Company_Latest!$L$2:$L$500="WARNING (3-14 Days)"), ROW(Company_Latest!$L$2:$L$500)-1), 41)), "")
A51: =IF(B51<>"", 42, "") | B51: =IFERROR(INDEX(Company_Latest!C$2:C$500, SMALL(IF((Company_Latest!$L$2:$L$500="OVERDUE (IDLE)")+(Company_Latest!$L$2:$L$500="WARNING (3-14 Days)"), ROW(Company_Latest!$L$2:$L$500)-1), 42)), "") | C51: =IFERROR(INDEX(Company_Latest!D$2:D$500, SMALL(IF((Company_Latest!$L$2:$L$500="OVERDUE (IDLE)")+(Company_Latest!$L$2:$L$500="WARNING (3-14 Days)"), ROW(Company_Latest!$L$2:$L$500)-1), 42)), "") | D51: =IFERROR(INDEX(Company_Latest!E$2:E$500, SMALL(IF((Company_Latest!$L$2:$L$500="OVERDUE (IDLE)")+(Company_Latest!$L$2:$L$500="WARNING (3-14 Days)"), ROW(Company_Latest!$L$2:$L$500)-1), 42)), "") | E51: =IFERROR(INDEX(Company_Latest!G$2:G$500, SMALL(IF((Company_Latest!$L$2:$L$500="OVERDUE (IDLE)")+(Company_Latest!$L$2:$L$500="WARNING (3-14 Days)"), ROW(Company_Latest!$L$2:$L$500)-1), 42)), "") | F51: =IFERROR(INDEX(Company_Latest!H$2:H$500, SMALL(IF((Company_Latest!$L$2:$L$500="OVERDUE (IDLE)")+(Company_Latest!$L$2:$L$500="WARNING (3-14 Days)"), ROW(Company_Latest!$L$2:$L$500)-1), 42)), "") | G51: =IFERROR(INDEX(Company_Latest!K$2:K$500, SMALL(IF((Company_Latest!$L$2:$L$500="OVERDUE (IDLE)")+(Company_Latest!$L$2:$L$500="WARNING (3-14 Days)"), ROW(Company_Latest!$L$2:$L$500)-1), 42)), "") | H51: =IFERROR(INDEX(Company_Latest!L$2:L$500, SMALL(IF((Company_Latest!$L$2:$L$500="OVERDUE (IDLE)")+(Company_Latest!$L$2:$L$500="WARNING (3-14 Days)"), ROW(Company_Latest!$L$2:$L$500)-1), 42)), "")
A52: =IF(B52<>"", 43, "") | B52: =IFERROR(INDEX(Company_Latest!C$2:C$500, SMALL(IF((Company_Latest!$L$2:$L$500="OVERDUE (IDLE)")+(Company_Latest!$L$2:$L$500="WARNING (3-14 Days)"), ROW(Company_Latest!$L$2:$L$500)-1), 43)), "") | C52: =IFERROR(INDEX(Company_Latest!D$2:D$500, SMALL(IF((Company_Latest!$L$2:$L$500="OVERDUE (IDLE)")+(Company_Latest!$L$2:$L$500="WARNING (3-14 Days)"), ROW(Company_Latest!$L$2:$L$500)-1), 43)), "") | D52: =IFERROR(INDEX(Company_Latest!E$2:E$500, SMALL(IF((Company_Latest!$L$2:$L$500="OVERDUE (IDLE)")+(Company_Latest!$L$2:$L$500="WARNING (3-14 Days)"), ROW(Company_Latest!$L$2:$L$500)-1), 43)), "") | E52: =IFERROR(INDEX(Company_Latest!G$2:G$500, SMALL(IF((Company_Latest!$L$2:$L$500="OVERDUE (IDLE)")+(Company_Latest!$L$2:$L$500="WARNING (3-14 Days)"), ROW(Company_Latest!$L$2:$L$500)-1), 43)), "") | F52: =IFERROR(INDEX(Company_Latest!H$2:H$500, SMALL(IF((Company_Latest!$L$2:$L$500="OVERDUE (IDLE)")+(Company_Latest!$L$2:$L$500="WARNING (3-14 Days)"), ROW(Company_Latest!$L$2:$L$500)-1), 43)), "") | G52: =IFERROR(INDEX(Company_Latest!K$2:K$500, SMALL(IF((Company_Latest!$L$2:$L$500="OVERDUE (IDLE)")+(Company_Latest!$L$2:$L$500="WARNING (3-14 Days)"), ROW(Company_Latest!$L$2:$L$500)-1), 43)), "") | H52: =IFERROR(INDEX(Company_Latest!L$2:L$500, SMALL(IF((Company_Latest!$L$2:$L$500="OVERDUE (IDLE)")+(Company_Latest!$L$2:$L$500="WARNING (3-14 Days)"), ROW(Company_Latest!$L$2:$L$500)-1), 43)), "")
A53: =IF(B53<>"", 44, "") | B53: =IFERROR(INDEX(Company_Latest!C$2:C$500, SMALL(IF((Company_Latest!$L$2:$L$500="OVERDUE (IDLE)")+(Company_Latest!$L$2:$L$500="WARNING (3-14 Days)"), ROW(Company_Latest!$L$2:$L$500)-1), 44)), "") | C53: =IFERROR(INDEX(Company_Latest!D$2:D$500, SMALL(IF((Company_Latest!$L$2:$L$500="OVERDUE (IDLE)")+(Company_Latest!$L$2:$L$500="WARNING (3-14 Days)"), ROW(Company_Latest!$L$2:$L$500)-1), 44)), "") | D53: =IFERROR(INDEX(Company_Latest!E$2:E$500, SMALL(IF((Company_Latest!$L$2:$L$500="OVERDUE (IDLE)")+(Company_Latest!$L$2:$L$500="WARNING (3-14 Days)"), ROW(Company_Latest!$L$2:$L$500)-1), 44)), "") | E53: =IFERROR(INDEX(Company_Latest!G$2:G$500, SMALL(IF((Company_Latest!$L$2:$L$500="OVERDUE (IDLE)")+(Company_Latest!$L$2:$L$500="WARNING (3-14 Days)"), ROW(Company_Latest!$L$2:$L$500)-1), 44)), "") | F53: =IFERROR(INDEX(Company_Latest!H$2:H$500, SMALL(IF((Company_Latest!$L$2:$L$500="OVERDUE (IDLE)")+(Company_Latest!$L$2:$L$500="WARNING (3-14 Days)"), ROW(Company_Latest!$L$2:$L$500)-1), 44)), "") | G53: =IFERROR(INDEX(Company_Latest!K$2:K$500, SMALL(IF((Company_Latest!$L$2:$L$500="OVERDUE (IDLE)")+(Company_Latest!$L$2:$L$500="WARNING (3-14 Days)"), ROW(Company_Latest!$L$2:$L$500)-1), 44)), "") | H53: =IFERROR(INDEX(Company_Latest!L$2:L$500, SMALL(IF((Company_Latest!$L$2:$L$500="OVERDUE (IDLE)")+(Company_Latest!$L$2:$L$500="WARNING (3-14 Days)"), ROW(Company_Latest!$L$2:$L$500)-1), 44)), "")
A54: =IF(B54<>"", 45, "") | B54: =IFERROR(INDEX(Company_Latest!C$2:C$500, SMALL(IF((Company_Latest!$L$2:$L$500="OVERDUE (IDLE)")+(Company_Latest!$L$2:$L$500="WARNING (3-14 Days)"), ROW(Company_Latest!$L$2:$L$500)-1), 45)), "") | C54: =IFERROR(INDEX(Company_Latest!D$2:D$500, SMALL(IF((Company_Latest!$L$2:$L$500="OVERDUE (IDLE)")+(Company_Latest!$L$2:$L$500="WARNING (3-14 Days)"), ROW(Company_Latest!$L$2:$L$500)-1), 45)), "") | D54: =IFERROR(INDEX(Company_Latest!E$2:E$500, SMALL(IF((Company_Latest!$L$2:$L$500="OVERDUE (IDLE)")+(Company_Latest!$L$2:$L$500="WARNING (3-14 Days)"), ROW(Company_Latest!$L$2:$L$500)-1), 45)), "") | E54: =IFERROR(INDEX(Company_Latest!G$2:G$500, SMALL(IF((Company_Latest!$L$2:$L$500="OVERDUE (IDLE)")+(Company_Latest!$L$2:$L$500="WARNING (3-14 Days)"), ROW(Company_Latest!$L$2:$L$500)-1), 45)), "") | F54: =IFERROR(INDEX(Company_Latest!H$2:H$500, SMALL(IF((Company_Latest!$L$2:$L$500="OVERDUE (IDLE)")+(Company_Latest!$L$2:$L$500="WARNING (3-14 Days)"), ROW(Company_Latest!$L$2:$L$500)-1), 45)), "") | G54: =IFERROR(INDEX(Company_Latest!K$2:K$500, SMALL(IF((Company_Latest!$L$2:$L$500="OVERDUE (IDLE)")+(Company_Latest!$L$2:$L$500="WARNING (3-14 Days)"), ROW(Company_Latest!$L$2:$L$500)-1), 45)), "") | H54: =IFERROR(INDEX(Company_Latest!L$2:L$500, SMALL(IF((Company_Latest!$L$2:$L$500="OVERDUE (IDLE)")+(Company_Latest!$L$2:$L$500="WARNING (3-14 Days)"), ROW(Company_Latest!$L$2:$L$500)-1), 45)), "")
A55: =IF(B55<>"", 46, "") | B55: =IFERROR(INDEX(Company_Latest!C$2:C$500, SMALL(IF((Company_Latest!$L$2:$L$500="OVERDUE (IDLE)")+(Company_Latest!$L$2:$L$500="WARNING (3-14 Days)"), ROW(Company_Latest!$L$2:$L$500)-1), 46)), "") | C55: =IFERROR(INDEX(Company_Latest!D$2:D$500, SMALL(IF((Company_Latest!$L$2:$L$500="OVERDUE (IDLE)")+(Company_Latest!$L$2:$L$500="WARNING (3-14 Days)"), ROW(Company_Latest!$L$2:$L$500)-1), 46)), "") | D55: =IFERROR(INDEX(Company_Latest!E$2:E$500, SMALL(IF((Company_Latest!$L$2:$L$500="OVERDUE (IDLE)")+(Company_Latest!$L$2:$L$500="WARNING (3-14 Days)"), ROW(Company_Latest!$L$2:$L$500)-1), 46)), "") | E55: =IFERROR(INDEX(Company_Latest!G$2:G$500, SMALL(IF((Company_Latest!$L$2:$L$500="OVERDUE (IDLE)")+(Company_Latest!$L$2:$L$500="WARNING (3-14 Days)"), ROW(Company_Latest!$L$2:$L$500)-1), 46)), "") | F55: =IFERROR(INDEX(Company_Latest!H$2:H$500, SMALL(IF((Company_Latest!$L$2:$L$500="OVERDUE (IDLE)")+(Company_Latest!$L$2:$L$500="WARNING (3-14 Days)"), ROW(Company_Latest!$L$2:$L$500)-1), 46)), "") | G55: =IFERROR(INDEX(Company_Latest!K$2:K$500, SMALL(IF((Company_Latest!$L$2:$L$500="OVERDUE (IDLE)")+(Company_Latest!$L$2:$L$500="WARNING (3-14 Days)"), ROW(Company_Latest!$L$2:$L$500)-1), 46)), "") | H55: =IFERROR(INDEX(Company_Latest!L$2:L$500, SMALL(IF((Company_Latest!$L$2:$L$500="OVERDUE (IDLE)")+(Company_Latest!$L$2:$L$500="WARNING (3-14 Days)"), ROW(Company_Latest!$L$2:$L$500)-1), 46)), "")
A56: =IF(B56<>"", 47, "") | B56: =IFERROR(INDEX(Company_Latest!C$2:C$500, SMALL(IF((Company_Latest!$L$2:$L$500="OVERDUE (IDLE)")+(Company_Latest!$L$2:$L$500="WARNING (3-14 Days)"), ROW(Company_Latest!$L$2:$L$500)-1), 47)), "") | C56: =IFERROR(INDEX(Company_Latest!D$2:D$500, SMALL(IF((Company_Latest!$L$2:$L$500="OVERDUE (IDLE)")+(Company_Latest!$L$2:$L$500="WARNING (3-14 Days)"), ROW(Company_Latest!$L$2:$L$500)-1), 47)), "") | D56: =IFERROR(INDEX(Company_Latest!E$2:E$500, SMALL(IF((Company_Latest!$L$2:$L$500="OVERDUE (IDLE)")+(Company_Latest!$L$2:$L$500="WARNING (3-14 Days)"), ROW(Company_Latest!$L$2:$L$500)-1), 47)), "") | E56: =IFERROR(INDEX(Company_Latest!G$2:G$500, SMALL(IF((Company_Latest!$L$2:$L$500="OVERDUE (IDLE)")+(Company_Latest!$L$2:$L$500="WARNING (3-14 Days)"), ROW(Company_Latest!$L$2:$L$500)-1), 47)), "") | F56: =IFERROR(INDEX(Company_Latest!H$2:H$500, SMALL(IF((Company_Latest!$L$2:$L$500="OVERDUE (IDLE)")+(Company_Latest!$L$2:$L$500="WARNING (3-14 Days)"), ROW(Company_Latest!$L$2:$L$500)-1), 47)), "") | G56: =IFERROR(INDEX(Company_Latest!K$2:K$500, SMALL(IF((Company_Latest!$L$2:$L$500="OVERDUE (IDLE)")+(Company_Latest!$L$2:$L$500="WARNING (3-14 Days)"), ROW(Company_Latest!$L$2:$L$500)-1), 47)), "") | H56: =IFERROR(INDEX(Company_Latest!L$2:L$500, SMALL(IF((Company_Latest!$L$2:$L$500="OVERDUE (IDLE)")+(Company_Latest!$L$2:$L$500="WARNING (3-14 Days)"), ROW(Company_Latest!$L$2:$L$500)-1), 47)), "")
A57: =IF(B57<>"", 48, "") | B57: =IFERROR(INDEX(Company_Latest!C$2:C$500, SMALL(IF((Company_Latest!$L$2:$L$500="OVERDUE (IDLE)")+(Company_Latest!$L$2:$L$500="WARNING (3-14 Days)"), ROW(Company_Latest!$L$2:$L$500)-1), 48)), "") | C57: =IFERROR(INDEX(Company_Latest!D$2:D$500, SMALL(IF((Company_Latest!$L$2:$L$500="OVERDUE (IDLE)")+(Company_Latest!$L$2:$L$500="WARNING (3-14 Days)"), ROW(Company_Latest!$L$2:$L$500)-1), 48)), "") | D57: =IFERROR(INDEX(Company_Latest!E$2:E$500, SMALL(IF((Company_Latest!$L$2:$L$500="OVERDUE (IDLE)")+(Company_Latest!$L$2:$L$500="WARNING (3-14 Days)"), ROW(Company_Latest!$L$2:$L$500)-1), 48)), "") | E57: =IFERROR(INDEX(Company_Latest!G$2:G$500, SMALL(IF((Company_Latest!$L$2:$L$500="OVERDUE (IDLE)")+(Company_Latest!$L$2:$L$500="WARNING (3-14 Days)"), ROW(Company_Latest!$L$2:$L$500)-1), 48)), "") | F57: =IFERROR(INDEX(Company_Latest!H$2:H$500, SMALL(IF((Company_Latest!$L$2:$L$500="OVERDUE (IDLE)")+(Company_Latest!$L$2:$L$500="WARNING (3-14 Days)"), ROW(Company_Latest!$L$2:$L$500)-1), 48)), "") | G57: =IFERROR(INDEX(Company_Latest!K$2:K$500, SMALL(IF((Company_Latest!$L$2:$L$500="OVERDUE (IDLE)")+(Company_Latest!$L$2:$L$500="WARNING (3-14 Days)"), ROW(Company_Latest!$L$2:$L$500)-1), 48)), "") | H57: =IFERROR(INDEX(Company_Latest!L$2:L$500, SMALL(IF((Company_Latest!$L$2:$L$500="OVERDUE (IDLE)")+(Company_Latest!$L$2:$L$500="WARNING (3-14 Days)"), ROW(Company_Latest!$L$2:$L$500)-1), 48)), "")
A58: =IF(B58<>"", 49, "") | B58: =IFERROR(INDEX(Company_Latest!C$2:C$500, SMALL(IF((Company_Latest!$L$2:$L$500="OVERDUE (IDLE)")+(Company_Latest!$L$2:$L$500="WARNING (3-14 Days)"), ROW(Company_Latest!$L$2:$L$500)-1), 49)), "") | C58: =IFERROR(INDEX(Company_Latest!D$2:D$500, SMALL(IF((Company_Latest!$L$2:$L$500="OVERDUE (IDLE)")+(Company_Latest!$L$2:$L$500="WARNING (3-14 Days)"), ROW(Company_Latest!$L$2:$L$500)-1), 49)), "") | D58: =IFERROR(INDEX(Company_Latest!E$2:E$500, SMALL(IF((Company_Latest!$L$2:$L$500="OVERDUE (IDLE)")+(Company_Latest!$L$2:$L$500="WARNING (3-14 Days)"), ROW(Company_Latest!$L$2:$L$500)-1), 49)), "") | E58: =IFERROR(INDEX(Company_Latest!G$2:G$500, SMALL(IF((Company_Latest!$L$2:$L$500="OVERDUE (IDLE)")+(Company_Latest!$L$2:$L$500="WARNING (3-14 Days)"), ROW(Company_Latest!$L$2:$L$500)-1), 49)), "") | F58: =IFERROR(INDEX(Company_Latest!H$2:H$500, SMALL(IF((Company_Latest!$L$2:$L$500="OVERDUE (IDLE)")+(Company_Latest!$L$2:$L$500="WARNING (3-14 Days)"), ROW(Company_Latest!$L$2:$L$500)-1), 49)), "") | G58: =IFERROR(INDEX(Company_Latest!K$2:K$500, SMALL(IF((Company_Latest!$L$2:$L$500="OVERDUE (IDLE)")+(Company_Latest!$L$2:$L$500="WARNING (3-14 Days)"), ROW(Company_Latest!$L$2:$L$500)-1), 49)), "") | H58: =IFERROR(INDEX(Company_Latest!L$2:L$500, SMALL(IF((Company_Latest!$L$2:$L$500="OVERDUE (IDLE)")+(Company_Latest!$L$2:$L$500="WARNING (3-14 Days)"), ROW(Company_Latest!$L$2:$L$500)-1), 49)), "")
A59: =IF(B59<>"", 50, "") | B59: =IFERROR(INDEX(Company_Latest!C$2:C$500, SMALL(IF((Company_Latest!$L$2:$L$500="OVERDUE (IDLE)")+(Company_Latest!$L$2:$L$500="WARNING (3-14 Days)"), ROW(Company_Latest!$L$2:$L$500)-1), 50)), "") | C59: =IFERROR(INDEX(Company_Latest!D$2:D$500, SMALL(IF((Company_Latest!$L$2:$L$500="OVERDUE (IDLE)")+(Company_Latest!$L$2:$L$500="WARNING (3-14 Days)"), ROW(Company_Latest!$L$2:$L$500)-1), 50)), "") | D59: =IFERROR(INDEX(Company_Latest!E$2:E$500, SMALL(IF((Company_Latest!$L$2:$L$500="OVERDUE (IDLE)")+(Company_Latest!$L$2:$L$500="WARNING (3-14 Days)"), ROW(Company_Latest!$L$2:$L$500)-1), 50)), "") | E59: =IFERROR(INDEX(Company_Latest!G$2:G$500, SMALL(IF((Company_Latest!$L$2:$L$500="OVERDUE (IDLE)")+(Company_Latest!$L$2:$L$500="WARNING (3-14 Days)"), ROW(Company_Latest!$L$2:$L$500)-1), 50)), "") | F59: =IFERROR(INDEX(Company_Latest!H$2:H$500, SMALL(IF((Company_Latest!$L$2:$L$500="OVERDUE (IDLE)")+(Company_Latest!$L$2:$L$500="WARNING (3-14 Days)"), ROW(Company_Latest!$L$2:$L$500)-1), 50)), "") | G59: =IFERROR(INDEX(Company_Latest!K$2:K$500, SMALL(IF((Company_Latest!$L$2:$L$500="OVERDUE (IDLE)")+(Company_Latest!$L$2:$L$500="WARNING (3-14 Days)"), ROW(Company_Latest!$L$2:$L$500)-1), 50)), "") | H59: =IFERROR(INDEX(Company_Latest!L$2:L$500, SMALL(IF((Company_Latest!$L$2:$L$500="OVERDUE (IDLE)")+(Company_Latest!$L$2:$L$500="WARNING (3-14 Days)"), ROW(Company_Latest!$L$2:$L$500)-1), 50)), "")
A60: =IF(B60<>"", 51, "") | B60: =IFERROR(INDEX(Company_Latest!C$2:C$500, SMALL(IF((Company_Latest!$L$2:$L$500="OVERDUE (IDLE)")+(Company_Latest!$L$2:$L$500="WARNING (3-14 Days)"), ROW(Company_Latest!$L$2:$L$500)-1), 51)), "") | C60: =IFERROR(INDEX(Company_Latest!D$2:D$500, SMALL(IF((Company_Latest!$L$2:$L$500="OVERDUE (IDLE)")+(Company_Latest!$L$2:$L$500="WARNING (3-14 Days)"), ROW(Company_Latest!$L$2:$L$500)-1), 51)), "") | D60: =IFERROR(INDEX(Company_Latest!E$2:E$500, SMALL(IF((Company_Latest!$L$2:$L$500="OVERDUE (IDLE)")+(Company_Latest!$L$2:$L$500="WARNING (3-14 Days)"), ROW(Company_Latest!$L$2:$L$500)-1), 51)), "") | E60: =IFERROR(INDEX(Company_Latest!G$2:G$500, SMALL(IF((Company_Latest!$L$2:$L$500="OVERDUE (IDLE)")+(Company_Latest!$L$2:$L$500="WARNING (3-14 Days)"), ROW(Company_Latest!$L$2:$L$500)-1), 51)), "") | F60: =IFERROR(INDEX(Company_Latest!H$2:H$500, SMALL(IF((Company_Latest!$L$2:$L$500="OVERDUE (IDLE)")+(Company_Latest!$L$2:$L$500="WARNING (3-14 Days)"), ROW(Company_Latest!$L$2:$L$500)-1), 51)), "") | G60: =IFERROR(INDEX(Company_Latest!K$2:K$500, SMALL(IF((Company_Latest!$L$2:$L$500="OVERDUE (IDLE)")+(Company_Latest!$L$2:$L$500="WARNING (3-14 Days)"), ROW(Company_Latest!$L$2:$L$500)-1), 51)), "") | H60: =IFERROR(INDEX(Company_Latest!L$2:L$500, SMALL(IF((Company_Latest!$L$2:$L$500="OVERDUE (IDLE)")+(Company_Latest!$L$2:$L$500="WARNING (3-14 Days)"), ROW(Company_Latest!$L$2:$L$500)-1), 51)), "")
A61: =IF(B61<>"", 52, "") | B61: =IFERROR(INDEX(Company_Latest!C$2:C$500, SMALL(IF((Company_Latest!$L$2:$L$500="OVERDUE (IDLE)")+(Company_Latest!$L$2:$L$500="WARNING (3-14 Days)"), ROW(Company_Latest!$L$2:$L$500)-1), 52)), "") | C61: =IFERROR(INDEX(Company_Latest!D$2:D$500, SMALL(IF((Company_Latest!$L$2:$L$500="OVERDUE (IDLE)")+(Company_Latest!$L$2:$L$500="WARNING (3-14 Days)"), ROW(Company_Latest!$L$2:$L$500)-1), 52)), "") | D61: =IFERROR(INDEX(Company_Latest!E$2:E$500, SMALL(IF((Company_Latest!$L$2:$L$500="OVERDUE (IDLE)")+(Company_Latest!$L$2:$L$500="WARNING (3-14 Days)"), ROW(Company_Latest!$L$2:$L$500)-1), 52)), "") | E61: =IFERROR(INDEX(Company_Latest!G$2:G$500, SMALL(IF((Company_Latest!$L$2:$L$500="OVERDUE (IDLE)")+(Company_Latest!$L$2:$L$500="WARNING (3-14 Days)"), ROW(Company_Latest!$L$2:$L$500)-1), 52)), "") | F61: =IFERROR(INDEX(Company_Latest!H$2:H$500, SMALL(IF((Company_Latest!$L$2:$L$500="OVERDUE (IDLE)")+(Company_Latest!$L$2:$L$500="WARNING (3-14 Days)"), ROW(Company_Latest!$L$2:$L$500)-1), 52)), "") | G61: =IFERROR(INDEX(Company_Latest!K$2:K$500, SMALL(IF((Company_Latest!$L$2:$L$500="OVERDUE (IDLE)")+(Company_Latest!$L$2:$L$500="WARNING (3-14 Days)"), ROW(Company_Latest!$L$2:$L$500)-1), 52)), "") | H61: =IFERROR(INDEX(Company_Latest!L$2:L$500, SMALL(IF((Company_Latest!$L$2:$L$500="OVERDUE (IDLE)")+(Company_Latest!$L$2:$L$500="WARNING (3-14 Days)"), ROW(Company_Latest!$L$2:$L$500)-1), 52)), "")
A62: =IF(B62<>"", 53, "") | B62: =IFERROR(INDEX(Company_Latest!C$2:C$500, SMALL(IF((Company_Latest!$L$2:$L$500="OVERDUE (IDLE)")+(Company_Latest!$L$2:$L$500="WARNING (3-14 Days)"), ROW(Company_Latest!$L$2:$L$500)-1), 53)), "") | C62: =IFERROR(INDEX(Company_Latest!D$2:D$500, SMALL(IF((Company_Latest!$L$2:$L$500="OVERDUE (IDLE)")+(Company_Latest!$L$2:$L$500="WARNING (3-14 Days)"), ROW(Company_Latest!$L$2:$L$500)-1), 53)), "") | D62: =IFERROR(INDEX(Company_Latest!E$2:E$500, SMALL(IF((Company_Latest!$L$2:$L$500="OVERDUE (IDLE)")+(Company_Latest!$L$2:$L$500="WARNING (3-14 Days)"), ROW(Company_Latest!$L$2:$L$500)-1), 53)), "") | E62: =IFERROR(INDEX(Company_Latest!G$2:G$500, SMALL(IF((Company_Latest!$L$2:$L$500="OVERDUE (IDLE)")+(Company_Latest!$L$2:$L$500="WARNING (3-14 Days)"), ROW(Company_Latest!$L$2:$L$500)-1), 53)), "") | F62: =IFERROR(INDEX(Company_Latest!H$2:H$500, SMALL(IF((Company_Latest!$L$2:$L$500="OVERDUE (IDLE)")+(Company_Latest!$L$2:$L$500="WARNING (3-14 Days)"), ROW(Company_Latest!$L$2:$L$500)-1), 53)), "") | G62: =IFERROR(INDEX(Company_Latest!K$2:K$500, SMALL(IF((Company_Latest!$L$2:$L$500="OVERDUE (IDLE)")+(Company_Latest!$L$2:$L$500="WARNING (3-14 Days)"), ROW(Company_Latest!$L$2:$L$500)-1), 53)), "") | H62: =IFERROR(INDEX(Company_Latest!L$2:L$500, SMALL(IF((Company_Latest!$L$2:$L$500="OVERDUE (IDLE)")+(Company_Latest!$L$2:$L$500="WARNING (3-14 Days)"), ROW(Company_Latest!$L$2:$L$500)-1), 53)), "")
A63: =IF(B63<>"", 54, "") | B63: =IFERROR(INDEX(Company_Latest!C$2:C$500, SMALL(IF((Company_Latest!$L$2:$L$500="OVERDUE (IDLE)")+(Company_Latest!$L$2:$L$500="WARNING (3-14 Days)"), ROW(Company_Latest!$L$2:$L$500)-1), 54)), "") | C63: =IFERROR(INDEX(Company_Latest!D$2:D$500, SMALL(IF((Company_Latest!$L$2:$L$500="OVERDUE (IDLE)")+(Company_Latest!$L$2:$L$500="WARNING (3-14 Days)"), ROW(Company_Latest!$L$2:$L$500)-1), 54)), "") | D63: =IFERROR(INDEX(Company_Latest!E$2:E$500, SMALL(IF((Company_Latest!$L$2:$L$500="OVERDUE (IDLE)")+(Company_Latest!$L$2:$L$500="WARNING (3-14 Days)"), ROW(Company_Latest!$L$2:$L$500)-1), 54)), "") | E63: =IFERROR(INDEX(Company_Latest!G$2:G$500, SMALL(IF((Company_Latest!$L$2:$L$500="OVERDUE (IDLE)")+(Company_Latest!$L$2:$L$500="WARNING (3-14 Days)"), ROW(Company_Latest!$L$2:$L$500)-1), 54)), "") | F63: =IFERROR(INDEX(Company_Latest!H$2:H$500, SMALL(IF((Company_Latest!$L$2:$L$500="OVERDUE (IDLE)")+(Company_Latest!$L$2:$L$500="WARNING (3-14 Days)"), ROW(Company_Latest!$L$2:$L$500)-1), 54)), "") | G63: =IFERROR(INDEX(Company_Latest!K$2:K$500, SMALL(IF((Company_Latest!$L$2:$L$500="OVERDUE (IDLE)")+(Company_Latest!$L$2:$L$500="WARNING (3-14 Days)"), ROW(Company_Latest!$L$2:$L$500)-1), 54)), "") | H63: =IFERROR(INDEX(Company_Latest!L$2:L$500, SMALL(IF((Company_Latest!$L$2:$L$500="OVERDUE (IDLE)")+(Company_Latest!$L$2:$L$500="WARNING (3-14 Days)"), ROW(Company_Latest!$L$2:$L$500)-1), 54)), "")
A64: =IF(B64<>"", 55, "") | B64: =IFERROR(INDEX(Company_Latest!C$2:C$500, SMALL(IF((Company_Latest!$L$2:$L$500="OVERDUE (IDLE)")+(Company_Latest!$L$2:$L$500="WARNING (3-14 Days)"), ROW(Company_Latest!$L$2:$L$500)-1), 55)), "") | C64: =IFERROR(INDEX(Company_Latest!D$2:D$500, SMALL(IF((Company_Latest!$L$2:$L$500="OVERDUE (IDLE)")+(Company_Latest!$L$2:$L$500="WARNING (3-14 Days)"), ROW(Company_Latest!$L$2:$L$500)-1), 55)), "") | D64: =IFERROR(INDEX(Company_Latest!E$2:E$500, SMALL(IF((Company_Latest!$L$2:$L$500="OVERDUE (IDLE)")+(Company_Latest!$L$2:$L$500="WARNING (3-14 Days)"), ROW(Company_Latest!$L$2:$L$500)-1), 55)), "") | E64: =IFERROR(INDEX(Company_Latest!G$2:G$500, SMALL(IF((Company_Latest!$L$2:$L$500="OVERDUE (IDLE)")+(Company_Latest!$L$2:$L$500="WARNING (3-14 Days)"), ROW(Company_Latest!$L$2:$L$500)-1), 55)), "") | F64: =IFERROR(INDEX(Company_Latest!H$2:H$500, SMALL(IF((Company_Latest!$L$2:$L$500="OVERDUE (IDLE)")+(Company_Latest!$L$2:$L$500="WARNING (3-14 Days)"), ROW(Company_Latest!$L$2:$L$500)-1), 55)), "") | G64: =IFERROR(INDEX(Company_Latest!K$2:K$500, SMALL(IF((Company_Latest!$L$2:$L$500="OVERDUE (IDLE)")+(Company_Latest!$L$2:$L$500="WARNING (3-14 Days)"), ROW(Company_Latest!$L$2:$L$500)-1), 55)), "") | H64: =IFERROR(INDEX(Company_Latest!L$2:L$500, SMALL(IF((Company_Latest!$L$2:$L$500="OVERDUE (IDLE)")+(Company_Latest!$L$2:$L$500="WARNING (3-14 Days)"), ROW(Company_Latest!$L$2:$L$500)-1), 55)), "")
A65: =IF(B65<>"", 56, "") | B65: =IFERROR(INDEX(Company_Latest!C$2:C$500, SMALL(IF((Company_Latest!$L$2:$L$500="OVERDUE (IDLE)")+(Company_Latest!$L$2:$L$500="WARNING (3-14 Days)"), ROW(Company_Latest!$L$2:$L$500)-1), 56)), "") | C65: =IFERROR(INDEX(Company_Latest!D$2:D$500, SMALL(IF((Company_Latest!$L$2:$L$500="OVERDUE (IDLE)")+(Company_Latest!$L$2:$L$500="WARNING (3-14 Days)"), ROW(Company_Latest!$L$2:$L$500)-1), 56)), "") | D65: =IFERROR(INDEX(Company_Latest!E$2:E$500, SMALL(IF((Company_Latest!$L$2:$L$500="OVERDUE (IDLE)")+(Company_Latest!$L$2:$L$500="WARNING (3-14 Days)"), ROW(Company_Latest!$L$2:$L$500)-1), 56)), "") | E65: =IFERROR(INDEX(Company_Latest!G$2:G$500, SMALL(IF((Company_Latest!$L$2:$L$500="OVERDUE (IDLE)")+(Company_Latest!$L$2:$L$500="WARNING (3-14 Days)"), ROW(Company_Latest!$L$2:$L$500)-1), 56)), "") | F65: =IFERROR(INDEX(Company_Latest!H$2:H$500, SMALL(IF((Company_Latest!$L$2:$L$500="OVERDUE (IDLE)")+(Company_Latest!$L$2:$L$500="WARNING (3-14 Days)"), ROW(Company_Latest!$L$2:$L$500)-1), 56)), "") | G65: =IFERROR(INDEX(Company_Latest!K$2:K$500, SMALL(IF((Company_Latest!$L$2:$L$500="OVERDUE (IDLE)")+(Company_Latest!$L$2:$L$500="WARNING (3-14 Days)"), ROW(Company_Latest!$L$2:$L$500)-1), 56)), "") | H65: =IFERROR(INDEX(Company_Latest!L$2:L$500, SMALL(IF((Company_Latest!$L$2:$L$500="OVERDUE (IDLE)")+(Company_Latest!$L$2:$L$500="WARNING (3-14 Days)"), ROW(Company_Latest!$L$2:$L$500)-1), 56)), "")
A66: =IF(B66<>"", 57, "") | B66: =IFERROR(INDEX(Company_Latest!C$2:C$500, SMALL(IF((Company_Latest!$L$2:$L$500="OVERDUE (IDLE)")+(Company_Latest!$L$2:$L$500="WARNING (3-14 Days)"), ROW(Company_Latest!$L$2:$L$500)-1), 57)), "") | C66: =IFERROR(INDEX(Company_Latest!D$2:D$500, SMALL(IF((Company_Latest!$L$2:$L$500="OVERDUE (IDLE)")+(Company_Latest!$L$2:$L$500="WARNING (3-14 Days)"), ROW(Company_Latest!$L$2:$L$500)-1), 57)), "") | D66: =IFERROR(INDEX(Company_Latest!E$2:E$500, SMALL(IF((Company_Latest!$L$2:$L$500="OVERDUE (IDLE)")+(Company_Latest!$L$2:$L$500="WARNING (3-14 Days)"), ROW(Company_Latest!$L$2:$L$500)-1), 57)), "") | E66: =IFERROR(INDEX(Company_Latest!G$2:G$500, SMALL(IF((Company_Latest!$L$2:$L$500="OVERDUE (IDLE)")+(Company_Latest!$L$2:$L$500="WARNING (3-14 Days)"), ROW(Company_Latest!$L$2:$L$500)-1), 57)), "") | F66: =IFERROR(INDEX(Company_Latest!H$2:H$500, SMALL(IF((Company_Latest!$L$2:$L$500="OVERDUE (IDLE)")+(Company_Latest!$L$2:$L$500="WARNING (3-14 Days)"), ROW(Company_Latest!$L$2:$L$500)-1), 57)), "") | G66: =IFERROR(INDEX(Company_Latest!K$2:K$500, SMALL(IF((Company_Latest!$L$2:$L$500="OVERDUE (IDLE)")+(Company_Latest!$L$2:$L$500="WARNING (3-14 Days)"), ROW(Company_Latest!$L$2:$L$500)-1), 57)), "") | H66: =IFERROR(INDEX(Company_Latest!L$2:L$500, SMALL(IF((Company_Latest!$L$2:$L$500="OVERDUE (IDLE)")+(Company_Latest!$L$2:$L$500="WARNING (3-14 Days)"), ROW(Company_Latest!$L$2:$L$500)-1), 57)), "")
A67: =IF(B67<>"", 58, "") | B67: =IFERROR(INDEX(Company_Latest!C$2:C$500, SMALL(IF((Company_Latest!$L$2:$L$500="OVERDUE (IDLE)")+(Company_Latest!$L$2:$L$500="WARNING (3-14 Days)"), ROW(Company_Latest!$L$2:$L$500)-1), 58)), "") | C67: =IFERROR(INDEX(Company_Latest!D$2:D$500, SMALL(IF((Company_Latest!$L$2:$L$500="OVERDUE (IDLE)")+(Company_Latest!$L$2:$L$500="WARNING (3-14 Days)"), ROW(Company_Latest!$L$2:$L$500)-1), 58)), "") | D67: =IFERROR(INDEX(Company_Latest!E$2:E$500, SMALL(IF((Company_Latest!$L$2:$L$500="OVERDUE (IDLE)")+(Company_Latest!$L$2:$L$500="WARNING (3-14 Days)"), ROW(Company_Latest!$L$2:$L$500)-1), 58)), "") | E67: =IFERROR(INDEX(Company_Latest!G$2:G$500, SMALL(IF((Company_Latest!$L$2:$L$500="OVERDUE (IDLE)")+(Company_Latest!$L$2:$L$500="WARNING (3-14 Days)"), ROW(Company_Latest!$L$2:$L$500)-1), 58)), "") | F67: =IFERROR(INDEX(Company_Latest!H$2:H$500, SMALL(IF((Company_Latest!$L$2:$L$500="OVERDUE (IDLE)")+(Company_Latest!$L$2:$L$500="WARNING (3-14 Days)"), ROW(Company_Latest!$L$2:$L$500)-1), 58)), "") | G67: =IFERROR(INDEX(Company_Latest!K$2:K$500, SMALL(IF((Company_Latest!$L$2:$L$500="OVERDUE (IDLE)")+(Company_Latest!$L$2:$L$500="WARNING (3-14 Days)"), ROW(Company_Latest!$L$2:$L$500)-1), 58)), "") | H67: =IFERROR(INDEX(Company_Latest!L$2:L$500, SMALL(IF((Company_Latest!$L$2:$L$500="OVERDUE (IDLE)")+(Company_Latest!$L$2:$L$500="WARNING (3-14 Days)"), ROW(Company_Latest!$L$2:$L$500)-1), 58)), "")
A68: =IF(B68<>"", 59, "") | B68: =IFERROR(INDEX(Company_Latest!C$2:C$500, SMALL(IF((Company_Latest!$L$2:$L$500="OVERDUE (IDLE)")+(Company_Latest!$L$2:$L$500="WARNING (3-14 Days)"), ROW(Company_Latest!$L$2:$L$500)-1), 59)), "") | C68: =IFERROR(INDEX(Company_Latest!D$2:D$500, SMALL(IF((Company_Latest!$L$2:$L$500="OVERDUE (IDLE)")+(Company_Latest!$L$2:$L$500="WARNING (3-14 Days)"), ROW(Company_Latest!$L$2:$L$500)-1), 59)), "") | D68: =IFERROR(INDEX(Company_Latest!E$2:E$500, SMALL(IF((Company_Latest!$L$2:$L$500="OVERDUE (IDLE)")+(Company_Latest!$L$2:$L$500="WARNING (3-14 Days)"), ROW(Company_Latest!$L$2:$L$500)-1), 59)), "") | E68: =IFERROR(INDEX(Company_Latest!G$2:G$500, SMALL(IF((Company_Latest!$L$2:$L$500="OVERDUE (IDLE)")+(Company_Latest!$L$2:$L$500="WARNING (3-14 Days)"), ROW(Company_Latest!$L$2:$L$500)-1), 59)), "") | F68: =IFERROR(INDEX(Company_Latest!H$2:H$500, SMALL(IF((Company_Latest!$L$2:$L$500="OVERDUE (IDLE)")+(Company_Latest!$L$2:$L$500="WARNING (3-14 Days)"), ROW(Company_Latest!$L$2:$L$500)-1), 59)), "") | G68: =IFERROR(INDEX(Company_Latest!K$2:K$500, SMALL(IF((Company_Latest!$L$2:$L$500="OVERDUE (IDLE)")+(Company_Latest!$L$2:$L$500="WARNING (3-14 Days)"), ROW(Company_Latest!$L$2:$L$500)-1), 59)), "") | H68: =IFERROR(INDEX(Company_Latest!L$2:L$500, SMALL(IF((Company_Latest!$L$2:$L$500="OVERDUE (IDLE)")+(Company_Latest!$L$2:$L$500="WARNING (3-14 Days)"), ROW(Company_Latest!$L$2:$L$500)-1), 59)), "")
A69: =IF(B69<>"", 60, "") | B69: =IFERROR(INDEX(Company_Latest!C$2:C$500, SMALL(IF((Company_Latest!$L$2:$L$500="OVERDUE (IDLE)")+(Company_Latest!$L$2:$L$500="WARNING (3-14 Days)"), ROW(Company_Latest!$L$2:$L$500)-1), 60)), "") | C69: =IFERROR(INDEX(Company_Latest!D$2:D$500, SMALL(IF((Company_Latest!$L$2:$L$500="OVERDUE (IDLE)")+(Company_Latest!$L$2:$L$500="WARNING (3-14 Days)"), ROW(Company_Latest!$L$2:$L$500)-1), 60)), "") | D69: =IFERROR(INDEX(Company_Latest!E$2:E$500, SMALL(IF((Company_Latest!$L$2:$L$500="OVERDUE (IDLE)")+(Company_Latest!$L$2:$L$500="WARNING (3-14 Days)"), ROW(Company_Latest!$L$2:$L$500)-1), 60)), "") | E69: =IFERROR(INDEX(Company_Latest!G$2:G$500, SMALL(IF((Company_Latest!$L$2:$L$500="OVERDUE (IDLE)")+(Company_Latest!$L$2:$L$500="WARNING (3-14 Days)"), ROW(Company_Latest!$L$2:$L$500)-1), 60)), "") | F69: =IFERROR(INDEX(Company_Latest!H$2:H$500, SMALL(IF((Company_Latest!$L$2:$L$500="OVERDUE (IDLE)")+(Company_Latest!$L$2:$L$500="WARNING (3-14 Days)"), ROW(Company_Latest!$L$2:$L$500)-1), 60)), "") | G69: =IFERROR(INDEX(Company_Latest!K$2:K$500, SMALL(IF((Company_Latest!$L$2:$L$500="OVERDUE (IDLE)")+(Company_Latest!$L$2:$L$500="WARNING (3-14 Days)"), ROW(Company_Latest!$L$2:$L$500)-1), 60)), "") | H69: =IFERROR(INDEX(Company_Latest!L$2:L$500, SMALL(IF((Company_Latest!$L$2:$L$500="OVERDUE (IDLE)")+(Company_Latest!$L$2:$L$500="WARNING (3-14 Days)"), ROW(Company_Latest!$L$2:$L$500)-1), 60)), "")
A70: =IF(B70<>"", 61, "") | B70: =IFERROR(INDEX(Company_Latest!C$2:C$500, SMALL(IF((Company_Latest!$L$2:$L$500="OVERDUE (IDLE)")+(Company_Latest!$L$2:$L$500="WARNING (3-14 Days)"), ROW(Company_Latest!$L$2:$L$500)-1), 61)), "") | C70: =IFERROR(INDEX(Company_Latest!D$2:D$500, SMALL(IF((Company_Latest!$L$2:$L$500="OVERDUE (IDLE)")+(Company_Latest!$L$2:$L$500="WARNING (3-14 Days)"), ROW(Company_Latest!$L$2:$L$500)-1), 61)), "") | D70: =IFERROR(INDEX(Company_Latest!E$2:E$500, SMALL(IF((Company_Latest!$L$2:$L$500="OVERDUE (IDLE)")+(Company_Latest!$L$2:$L$500="WARNING (3-14 Days)"), ROW(Company_Latest!$L$2:$L$500)-1), 61)), "") | E70: =IFERROR(INDEX(Company_Latest!G$2:G$500, SMALL(IF((Company_Latest!$L$2:$L$500="OVERDUE (IDLE)")+(Company_Latest!$L$2:$L$500="WARNING (3-14 Days)"), ROW(Company_Latest!$L$2:$L$500)-1), 61)), "") | F70: =IFERROR(INDEX(Company_Latest!H$2:H$500, SMALL(IF((Company_Latest!$L$2:$L$500="OVERDUE (IDLE)")+(Company_Latest!$L$2:$L$500="WARNING (3-14 Days)"), ROW(Company_Latest!$L$2:$L$500)-1), 61)), "") | G70: =IFERROR(INDEX(Company_Latest!K$2:K$500, SMALL(IF((Company_Latest!$L$2:$L$500="OVERDUE (IDLE)")+(Company_Latest!$L$2:$L$500="WARNING (3-14 Days)"), ROW(Company_Latest!$L$2:$L$500)-1), 61)), "") | H70: =IFERROR(INDEX(Company_Latest!L$2:L$500, SMALL(IF((Company_Latest!$L$2:$L$500="OVERDUE (IDLE)")+(Company_Latest!$L$2:$L$500="WARNING (3-14 Days)"), ROW(Company_Latest!$L$2:$L$500)-1), 61)), "")
A71: =IF(B71<>"", 62, "") | B71: =IFERROR(INDEX(Company_Latest!C$2:C$500, SMALL(IF((Company_Latest!$L$2:$L$500="OVERDUE (IDLE)")+(Company_Latest!$L$2:$L$500="WARNING (3-14 Days)"), ROW(Company_Latest!$L$2:$L$500)-1), 62)), "") | C71: =IFERROR(INDEX(Company_Latest!D$2:D$500, SMALL(IF((Company_Latest!$L$2:$L$500="OVERDUE (IDLE)")+(Company_Latest!$L$2:$L$500="WARNING (3-14 Days)"), ROW(Company_Latest!$L$2:$L$500)-1), 62)), "") | D71: =IFERROR(INDEX(Company_Latest!E$2:E$500, SMALL(IF((Company_Latest!$L$2:$L$500="OVERDUE (IDLE)")+(Company_Latest!$L$2:$L$500="WARNING (3-14 Days)"), ROW(Company_Latest!$L$2:$L$500)-1), 62)), "") | E71: =IFERROR(INDEX(Company_Latest!G$2:G$500, SMALL(IF((Company_Latest!$L$2:$L$500="OVERDUE (IDLE)")+(Company_Latest!$L$2:$L$500="WARNING (3-14 Days)"), ROW(Company_Latest!$L$2:$L$500)-1), 62)), "") | F71: =IFERROR(INDEX(Company_Latest!H$2:H$500, SMALL(IF((Company_Latest!$L$2:$L$500="OVERDUE (IDLE)")+(Company_Latest!$L$2:$L$500="WARNING (3-14 Days)"), ROW(Company_Latest!$L$2:$L$500)-1), 62)), "") | G71: =IFERROR(INDEX(Company_Latest!K$2:K$500, SMALL(IF((Company_Latest!$L$2:$L$500="OVERDUE (IDLE)")+(Company_Latest!$L$2:$L$500="WARNING (3-14 Days)"), ROW(Company_Latest!$L$2:$L$500)-1), 62)), "") | H71: =IFERROR(INDEX(Company_Latest!L$2:L$500, SMALL(IF((Company_Latest!$L$2:$L$500="OVERDUE (IDLE)")+(Company_Latest!$L$2:$L$500="WARNING (3-14 Days)"), ROW(Company_Latest!$L$2:$L$500)-1), 62)), "")
A72: =IF(B72<>"", 63, "") | B72: =IFERROR(INDEX(Company_Latest!C$2:C$500, SMALL(IF((Company_Latest!$L$2:$L$500="OVERDUE (IDLE)")+(Company_Latest!$L$2:$L$500="WARNING (3-14 Days)"), ROW(Company_Latest!$L$2:$L$500)-1), 63)), "") | C72: =IFERROR(INDEX(Company_Latest!D$2:D$500, SMALL(IF((Company_Latest!$L$2:$L$500="OVERDUE (IDLE)")+(Company_Latest!$L$2:$L$500="WARNING (3-14 Days)"), ROW(Company_Latest!$L$2:$L$500)-1), 63)), "") | D72: =IFERROR(INDEX(Company_Latest!E$2:E$500, SMALL(IF((Company_Latest!$L$2:$L$500="OVERDUE (IDLE)")+(Company_Latest!$L$2:$L$500="WARNING (3-14 Days)"), ROW(Company_Latest!$L$2:$L$500)-1), 63)), "") | E72: =IFERROR(INDEX(Company_Latest!G$2:G$500, SMALL(IF((Company_Latest!$L$2:$L$500="OVERDUE (IDLE)")+(Company_Latest!$L$2:$L$500="WARNING (3-14 Days)"), ROW(Company_Latest!$L$2:$L$500)-1), 63)), "") | F72: =IFERROR(INDEX(Company_Latest!H$2:H$500, SMALL(IF((Company_Latest!$L$2:$L$500="OVERDUE (IDLE)")+(Company_Latest!$L$2:$L$500="WARNING (3-14 Days)"), ROW(Company_Latest!$L$2:$L$500)-1), 63)), "") | G72: =IFERROR(INDEX(Company_Latest!K$2:K$500, SMALL(IF((Company_Latest!$L$2:$L$500="OVERDUE (IDLE)")+(Company_Latest!$L$2:$L$500="WARNING (3-14 Days)"), ROW(Company_Latest!$L$2:$L$500)-1), 63)), "") | H72: =IFERROR(INDEX(Company_Latest!L$2:L$500, SMALL(IF((Company_Latest!$L$2:$L$500="OVERDUE (IDLE)")+(Company_Latest!$L$2:$L$500="WARNING (3-14 Days)"), ROW(Company_Latest!$L$2:$L$500)-1), 63)), "")
A73: =IF(B73<>"", 64, "") | B73: =IFERROR(INDEX(Company_Latest!C$2:C$500, SMALL(IF((Company_Latest!$L$2:$L$500="OVERDUE (IDLE)")+(Company_Latest!$L$2:$L$500="WARNING (3-14 Days)"), ROW(Company_Latest!$L$2:$L$500)-1), 64)), "") | C73: =IFERROR(INDEX(Company_Latest!D$2:D$500, SMALL(IF((Company_Latest!$L$2:$L$500="OVERDUE (IDLE)")+(Company_Latest!$L$2:$L$500="WARNING (3-14 Days)"), ROW(Company_Latest!$L$2:$L$500)-1), 64)), "") | D73: =IFERROR(INDEX(Company_Latest!E$2:E$500, SMALL(IF((Company_Latest!$L$2:$L$500="OVERDUE (IDLE)")+(Company_Latest!$L$2:$L$500="WARNING (3-14 Days)"), ROW(Company_Latest!$L$2:$L$500)-1), 64)), "") | E73: =IFERROR(INDEX(Company_Latest!G$2:G$500, SMALL(IF((Company_Latest!$L$2:$L$500="OVERDUE (IDLE)")+(Company_Latest!$L$2:$L$500="WARNING (3-14 Days)"), ROW(Company_Latest!$L$2:$L$500)-1), 64)), "") | F73: =IFERROR(INDEX(Company_Latest!H$2:H$500, SMALL(IF((Company_Latest!$L$2:$L$500="OVERDUE (IDLE)")+(Company_Latest!$L$2:$L$500="WARNING (3-14 Days)"), ROW(Company_Latest!$L$2:$L$500)-1), 64)), "") | G73: =IFERROR(INDEX(Company_Latest!K$2:K$500, SMALL(IF((Company_Latest!$L$2:$L$500="OVERDUE (IDLE)")+(Company_Latest!$L$2:$L$500="WARNING (3-14 Days)"), ROW(Company_Latest!$L$2:$L$500)-1), 64)), "") | H73: =IFERROR(INDEX(Company_Latest!L$2:L$500, SMALL(IF((Company_Latest!$L$2:$L$500="OVERDUE (IDLE)")+(Company_Latest!$L$2:$L$500="WARNING (3-14 Days)"), ROW(Company_Latest!$L$2:$L$500)-1), 64)), "")
A74: =IF(B74<>"", 65, "") | B74: =IFERROR(INDEX(Company_Latest!C$2:C$500, SMALL(IF((Company_Latest!$L$2:$L$500="OVERDUE (IDLE)")+(Company_Latest!$L$2:$L$500="WARNING (3-14 Days)"), ROW(Company_Latest!$L$2:$L$500)-1), 65)), "") | C74: =IFERROR(INDEX(Company_Latest!D$2:D$500, SMALL(IF((Company_Latest!$L$2:$L$500="OVERDUE (IDLE)")+(Company_Latest!$L$2:$L$500="WARNING (3-14 Days)"), ROW(Company_Latest!$L$2:$L$500)-1), 65)), "") | D74: =IFERROR(INDEX(Company_Latest!E$2:E$500, SMALL(IF((Company_Latest!$L$2:$L$500="OVERDUE (IDLE)")+(Company_Latest!$L$2:$L$500="WARNING (3-14 Days)"), ROW(Company_Latest!$L$2:$L$500)-1), 65)), "") | E74: =IFERROR(INDEX(Company_Latest!G$2:G$500, SMALL(IF((Company_Latest!$L$2:$L$500="OVERDUE (IDLE)")+(Company_Latest!$L$2:$L$500="WARNING (3-14 Days)"), ROW(Company_Latest!$L$2:$L$500)-1), 65)), "") | F74: =IFERROR(INDEX(Company_Latest!H$2:H$500, SMALL(IF((Company_Latest!$L$2:$L$500="OVERDUE (IDLE)")+(Company_Latest!$L$2:$L$500="WARNING (3-14 Days)"), ROW(Company_Latest!$L$2:$L$500)-1), 65)), "") | G74: =IFERROR(INDEX(Company_Latest!K$2:K$500, SMALL(IF((Company_Latest!$L$2:$L$500="OVERDUE (IDLE)")+(Company_Latest!$L$2:$L$500="WARNING (3-14 Days)"), ROW(Company_Latest!$L$2:$L$500)-1), 65)), "") | H74: =IFERROR(INDEX(Company_Latest!L$2:L$500, SMALL(IF((Company_Latest!$L$2:$L$500="OVERDUE (IDLE)")+(Company_Latest!$L$2:$L$500="WARNING (3-14 Days)"), ROW(Company_Latest!$L$2:$L$500)-1), 65)), "")
A75: =IF(B75<>"", 66, "") | B75: =IFERROR(INDEX(Company_Latest!C$2:C$500, SMALL(IF((Company_Latest!$L$2:$L$500="OVERDUE (IDLE)")+(Company_Latest!$L$2:$L$500="WARNING (3-14 Days)"), ROW(Company_Latest!$L$2:$L$500)-1), 66)), "") | C75: =IFERROR(INDEX(Company_Latest!D$2:D$500, SMALL(IF((Company_Latest!$L$2:$L$500="OVERDUE (IDLE)")+(Company_Latest!$L$2:$L$500="WARNING (3-14 Days)"), ROW(Company_Latest!$L$2:$L$500)-1), 66)), "") | D75: =IFERROR(INDEX(Company_Latest!E$2:E$500, SMALL(IF((Company_Latest!$L$2:$L$500="OVERDUE (IDLE)")+(Company_Latest!$L$2:$L$500="WARNING (3-14 Days)"), ROW(Company_Latest!$L$2:$L$500)-1), 66)), "") | E75: =IFERROR(INDEX(Company_Latest!G$2:G$500, SMALL(IF((Company_Latest!$L$2:$L$500="OVERDUE (IDLE)")+(Company_Latest!$L$2:$L$500="WARNING (3-14 Days)"), ROW(Company_Latest!$L$2:$L$500)-1), 66)), "") | F75: =IFERROR(INDEX(Company_Latest!H$2:H$500, SMALL(IF((Company_Latest!$L$2:$L$500="OVERDUE (IDLE)")+(Company_Latest!$L$2:$L$500="WARNING (3-14 Days)"), ROW(Company_Latest!$L$2:$L$500)-1), 66)), "") | G75: =IFERROR(INDEX(Company_Latest!K$2:K$500, SMALL(IF((Company_Latest!$L$2:$L$500="OVERDUE (IDLE)")+(Company_Latest!$L$2:$L$500="WARNING (3-14 Days)"), ROW(Company_Latest!$L$2:$L$500)-1), 66)), "") | H75: =IFERROR(INDEX(Company_Latest!L$2:L$500, SMALL(IF((Company_Latest!$L$2:$L$500="OVERDUE (IDLE)")+(Company_Latest!$L$2:$L$500="WARNING (3-14 Days)"), ROW(Company_Latest!$L$2:$L$500)-1), 66)), "")
A76: =IF(B76<>"", 67, "") | B76: =IFERROR(INDEX(Company_Latest!C$2:C$500, SMALL(IF((Company_Latest!$L$2:$L$500="OVERDUE (IDLE)")+(Company_Latest!$L$2:$L$500="WARNING (3-14 Days)"), ROW(Company_Latest!$L$2:$L$500)-1), 67)), "") | C76: =IFERROR(INDEX(Company_Latest!D$2:D$500, SMALL(IF((Company_Latest!$L$2:$L$500="OVERDUE (IDLE)")+(Company_Latest!$L$2:$L$500="WARNING (3-14 Days)"), ROW(Company_Latest!$L$2:$L$500)-1), 67)), "") | D76: =IFERROR(INDEX(Company_Latest!E$2:E$500, SMALL(IF((Company_Latest!$L$2:$L$500="OVERDUE (IDLE)")+(Company_Latest!$L$2:$L$500="WARNING (3-14 Days)"), ROW(Company_Latest!$L$2:$L$500)-1), 67)), "") | E76: =IFERROR(INDEX(Company_Latest!G$2:G$500, SMALL(IF((Company_Latest!$L$2:$L$500="OVERDUE (IDLE)")+(Company_Latest!$L$2:$L$500="WARNING (3-14 Days)"), ROW(Company_Latest!$L$2:$L$500)-1), 67)), "") | F76: =IFERROR(INDEX(Company_Latest!H$2:H$500, SMALL(IF((Company_Latest!$L$2:$L$500="OVERDUE (IDLE)")+(Company_Latest!$L$2:$L$500="WARNING (3-14 Days)"), ROW(Company_Latest!$L$2:$L$500)-1), 67)), "") | G76: =IFERROR(INDEX(Company_Latest!K$2:K$500, SMALL(IF((Company_Latest!$L$2:$L$500="OVERDUE (IDLE)")+(Company_Latest!$L$2:$L$500="WARNING (3-14 Days)"), ROW(Company_Latest!$L$2:$L$500)-1), 67)), "") | H76: =IFERROR(INDEX(Company_Latest!L$2:L$500, SMALL(IF((Company_Latest!$L$2:$L$500="OVERDUE (IDLE)")+(Company_Latest!$L$2:$L$500="WARNING (3-14 Days)"), ROW(Company_Latest!$L$2:$L$500)-1), 67)), "")
A77: =IF(B77<>"", 68, "") | B77: =IFERROR(INDEX(Company_Latest!C$2:C$500, SMALL(IF((Company_Latest!$L$2:$L$500="OVERDUE (IDLE)")+(Company_Latest!$L$2:$L$500="WARNING (3-14 Days)"), ROW(Company_Latest!$L$2:$L$500)-1), 68)), "") | C77: =IFERROR(INDEX(Company_Latest!D$2:D$500, SMALL(IF((Company_Latest!$L$2:$L$500="OVERDUE (IDLE)")+(Company_Latest!$L$2:$L$500="WARNING (3-14 Days)"), ROW(Company_Latest!$L$2:$L$500)-1), 68)), "") | D77: =IFERROR(INDEX(Company_Latest!E$2:E$500, SMALL(IF((Company_Latest!$L$2:$L$500="OVERDUE (IDLE)")+(Company_Latest!$L$2:$L$500="WARNING (3-14 Days)"), ROW(Company_Latest!$L$2:$L$500)-1), 68)), "") | E77: =IFERROR(INDEX(Company_Latest!G$2:G$500, SMALL(IF((Company_Latest!$L$2:$L$500="OVERDUE (IDLE)")+(Company_Latest!$L$2:$L$500="WARNING (3-14 Days)"), ROW(Company_Latest!$L$2:$L$500)-1), 68)), "") | F77: =IFERROR(INDEX(Company_Latest!H$2:H$500, SMALL(IF((Company_Latest!$L$2:$L$500="OVERDUE (IDLE)")+(Company_Latest!$L$2:$L$500="WARNING (3-14 Days)"), ROW(Company_Latest!$L$2:$L$500)-1), 68)), "") | G77: =IFERROR(INDEX(Company_Latest!K$2:K$500, SMALL(IF((Company_Latest!$L$2:$L$500="OVERDUE (IDLE)")+(Company_Latest!$L$2:$L$500="WARNING (3-14 Days)"), ROW(Company_Latest!$L$2:$L$500)-1), 68)), "") | H77: =IFERROR(INDEX(Company_Latest!L$2:L$500, SMALL(IF((Company_Latest!$L$2:$L$500="OVERDUE (IDLE)")+(Company_Latest!$L$2:$L$500="WARNING (3-14 Days)"), ROW(Company_Latest!$L$2:$L$500)-1), 68)), "")
A78: =IF(B78<>"", 69, "") | B78: =IFERROR(INDEX(Company_Latest!C$2:C$500, SMALL(IF((Company_Latest!$L$2:$L$500="OVERDUE (IDLE)")+(Company_Latest!$L$2:$L$500="WARNING (3-14 Days)"), ROW(Company_Latest!$L$2:$L$500)-1), 69)), "") | C78: =IFERROR(INDEX(Company_Latest!D$2:D$500, SMALL(IF((Company_Latest!$L$2:$L$500="OVERDUE (IDLE)")+(Company_Latest!$L$2:$L$500="WARNING (3-14 Days)"), ROW(Company_Latest!$L$2:$L$500)-1), 69)), "") | D78: =IFERROR(INDEX(Company_Latest!E$2:E$500, SMALL(IF((Company_Latest!$L$2:$L$500="OVERDUE (IDLE)")+(Company_Latest!$L$2:$L$500="WARNING (3-14 Days)"), ROW(Company_Latest!$L$2:$L$500)-1), 69)), "") | E78: =IFERROR(INDEX(Company_Latest!G$2:G$500, SMALL(IF((Company_Latest!$L$2:$L$500="OVERDUE (IDLE)")+(Company_Latest!$L$2:$L$500="WARNING (3-14 Days)"), ROW(Company_Latest!$L$2:$L$500)-1), 69)), "") | F78: =IFERROR(INDEX(Company_Latest!H$2:H$500, SMALL(IF((Company_Latest!$L$2:$L$500="OVERDUE (IDLE)")+(Company_Latest!$L$2:$L$500="WARNING (3-14 Days)"), ROW(Company_Latest!$L$2:$L$500)-1), 69)), "") | G78: =IFERROR(INDEX(Company_Latest!K$2:K$500, SMALL(IF((Company_Latest!$L$2:$L$500="OVERDUE (IDLE)")+(Company_Latest!$L$2:$L$500="WARNING (3-14 Days)"), ROW(Company_Latest!$L$2:$L$500)-1), 69)), "") | H78: =IFERROR(INDEX(Company_Latest!L$2:L$500, SMALL(IF((Company_Latest!$L$2:$L$500="OVERDUE (IDLE)")+(Company_Latest!$L$2:$L$500="WARNING (3-14 Days)"), ROW(Company_Latest!$L$2:$L$500)-1), 69)), "")
A79: =IF(B79<>"", 70, "") | B79: =IFERROR(INDEX(Company_Latest!C$2:C$500, SMALL(IF((Company_Latest!$L$2:$L$500="OVERDUE (IDLE)")+(Company_Latest!$L$2:$L$500="WARNING (3-14 Days)"), ROW(Company_Latest!$L$2:$L$500)-1), 70)), "") | C79: =IFERROR(INDEX(Company_Latest!D$2:D$500, SMALL(IF((Company_Latest!$L$2:$L$500="OVERDUE (IDLE)")+(Company_Latest!$L$2:$L$500="WARNING (3-14 Days)"), ROW(Company_Latest!$L$2:$L$500)-1), 70)), "") | D79: =IFERROR(INDEX(Company_Latest!E$2:E$500, SMALL(IF((Company_Latest!$L$2:$L$500="OVERDUE (IDLE)")+(Company_Latest!$L$2:$L$500="WARNING (3-14 Days)"), ROW(Company_Latest!$L$2:$L$500)-1), 70)), "") | E79: =IFERROR(INDEX(Company_Latest!G$2:G$500, SMALL(IF((Company_Latest!$L$2:$L$500="OVERDUE (IDLE)")+(Company_Latest!$L$2:$L$500="WARNING (3-14 Days)"), ROW(Company_Latest!$L$2:$L$500)-1), 70)), "") | F79: =IFERROR(INDEX(Company_Latest!H$2:H$500, SMALL(IF((Company_Latest!$L$2:$L$500="OVERDUE (IDLE)")+(Company_Latest!$L$2:$L$500="WARNING (3-14 Days)"), ROW(Company_Latest!$L$2:$L$500)-1), 70)), "") | G79: =IFERROR(INDEX(Company_Latest!K$2:K$500, SMALL(IF((Company_Latest!$L$2:$L$500="OVERDUE (IDLE)")+(Company_Latest!$L$2:$L$500="WARNING (3-14 Days)"), ROW(Company_Latest!$L$2:$L$500)-1), 70)), "") | H79: =IFERROR(INDEX(Company_Latest!L$2:L$500, SMALL(IF((Company_Latest!$L$2:$L$500="OVERDUE (IDLE)")+(Company_Latest!$L$2:$L$500="WARNING (3-14 Days)"), ROW(Company_Latest!$L$2:$L$500)-1), 70)), "")
A80: =IF(B80<>"", 71, "") | B80: =IFERROR(INDEX(Company_Latest!C$2:C$500, SMALL(IF((Company_Latest!$L$2:$L$500="OVERDUE (IDLE)")+(Company_Latest!$L$2:$L$500="WARNING (3-14 Days)"), ROW(Company_Latest!$L$2:$L$500)-1), 71)), "") | C80: =IFERROR(INDEX(Company_Latest!D$2:D$500, SMALL(IF((Company_Latest!$L$2:$L$500="OVERDUE (IDLE)")+(Company_Latest!$L$2:$L$500="WARNING (3-14 Days)"), ROW(Company_Latest!$L$2:$L$500)-1), 71)), "") | D80: =IFERROR(INDEX(Company_Latest!E$2:E$500, SMALL(IF((Company_Latest!$L$2:$L$500="OVERDUE (IDLE)")+(Company_Latest!$L$2:$L$500="WARNING (3-14 Days)"), ROW(Company_Latest!$L$2:$L$500)-1), 71)), "") | E80: =IFERROR(INDEX(Company_Latest!G$2:G$500, SMALL(IF((Company_Latest!$L$2:$L$500="OVERDUE (IDLE)")+(Company_Latest!$L$2:$L$500="WARNING (3-14 Days)"), ROW(Company_Latest!$L$2:$L$500)-1), 71)), "") | F80: =IFERROR(INDEX(Company_Latest!H$2:H$500, SMALL(IF((Company_Latest!$L$2:$L$500="OVERDUE (IDLE)")+(Company_Latest!$L$2:$L$500="WARNING (3-14 Days)"), ROW(Company_Latest!$L$2:$L$500)-1), 71)), "") | G80: =IFERROR(INDEX(Company_Latest!K$2:K$500, SMALL(IF((Company_Latest!$L$2:$L$500="OVERDUE (IDLE)")+(Company_Latest!$L$2:$L$500="WARNING (3-14 Days)"), ROW(Company_Latest!$L$2:$L$500)-1), 71)), "") | H80: =IFERROR(INDEX(Company_Latest!L$2:L$500, SMALL(IF((Company_Latest!$L$2:$L$500="OVERDUE (IDLE)")+(Company_Latest!$L$2:$L$500="WARNING (3-14 Days)"), ROW(Company_Latest!$L$2:$L$500)-1), 71)), "")
A81: =IF(B81<>"", 72, "") | B81: =IFERROR(INDEX(Company_Latest!C$2:C$500, SMALL(IF((Company_Latest!$L$2:$L$500="OVERDUE (IDLE)")+(Company_Latest!$L$2:$L$500="WARNING (3-14 Days)"), ROW(Company_Latest!$L$2:$L$500)-1), 72)), "") | C81: =IFERROR(INDEX(Company_Latest!D$2:D$500, SMALL(IF((Company_Latest!$L$2:$L$500="OVERDUE (IDLE)")+(Company_Latest!$L$2:$L$500="WARNING (3-14 Days)"), ROW(Company_Latest!$L$2:$L$500)-1), 72)), "") | D81: =IFERROR(INDEX(Company_Latest!E$2:E$500, SMALL(IF((Company_Latest!$L$2:$L$500="OVERDUE (IDLE)")+(Company_Latest!$L$2:$L$500="WARNING (3-14 Days)"), ROW(Company_Latest!$L$2:$L$500)-1), 72)), "") | E81: =IFERROR(INDEX(Company_Latest!G$2:G$500, SMALL(IF((Company_Latest!$L$2:$L$500="OVERDUE (IDLE)")+(Company_Latest!$L$2:$L$500="WARNING (3-14 Days)"), ROW(Company_Latest!$L$2:$L$500)-1), 72)), "") | F81: =IFERROR(INDEX(Company_Latest!H$2:H$500, SMALL(IF((Company_Latest!$L$2:$L$500="OVERDUE (IDLE)")+(Company_Latest!$L$2:$L$500="WARNING (3-14 Days)"), ROW(Company_Latest!$L$2:$L$500)-1), 72)), "") | G81: =IFERROR(INDEX(Company_Latest!K$2:K$500, SMALL(IF((Company_Latest!$L$2:$L$500="OVERDUE (IDLE)")+(Company_Latest!$L$2:$L$500="WARNING (3-14 Days)"), ROW(Company_Latest!$L$2:$L$500)-1), 72)), "") | H81: =IFERROR(INDEX(Company_Latest!L$2:L$500, SMALL(IF((Company_Latest!$L$2:$L$500="OVERDUE (IDLE)")+(Company_Latest!$L$2:$L$500="WARNING (3-14 Days)"), ROW(Company_Latest!$L$2:$L$500)-1), 72)), "")
A82: =IF(B82<>"", 73, "") | B82: =IFERROR(INDEX(Company_Latest!C$2:C$500, SMALL(IF((Company_Latest!$L$2:$L$500="OVERDUE (IDLE)")+(Company_Latest!$L$2:$L$500="WARNING (3-14 Days)"), ROW(Company_Latest!$L$2:$L$500)-1), 73)), "") | C82: =IFERROR(INDEX(Company_Latest!D$2:D$500, SMALL(IF((Company_Latest!$L$2:$L$500="OVERDUE (IDLE)")+(Company_Latest!$L$2:$L$500="WARNING (3-14 Days)"), ROW(Company_Latest!$L$2:$L$500)-1), 73)), "") | D82: =IFERROR(INDEX(Company_Latest!E$2:E$500, SMALL(IF((Company_Latest!$L$2:$L$500="OVERDUE (IDLE)")+(Company_Latest!$L$2:$L$500="WARNING (3-14 Days)"), ROW(Company_Latest!$L$2:$L$500)-1), 73)), "") | E82: =IFERROR(INDEX(Company_Latest!G$2:G$500, SMALL(IF((Company_Latest!$L$2:$L$500="OVERDUE (IDLE)")+(Company_Latest!$L$2:$L$500="WARNING (3-14 Days)"), ROW(Company_Latest!$L$2:$L$500)-1), 73)), "") | F82: =IFERROR(INDEX(Company_Latest!H$2:H$500, SMALL(IF((Company_Latest!$L$2:$L$500="OVERDUE (IDLE)")+(Company_Latest!$L$2:$L$500="WARNING (3-14 Days)"), ROW(Company_Latest!$L$2:$L$500)-1), 73)), "") | G82: =IFERROR(INDEX(Company_Latest!K$2:K$500, SMALL(IF((Company_Latest!$L$2:$L$500="OVERDUE (IDLE)")+(Company_Latest!$L$2:$L$500="WARNING (3-14 Days)"), ROW(Company_Latest!$L$2:$L$500)-1), 73)), "") | H82: =IFERROR(INDEX(Company_Latest!L$2:L$500, SMALL(IF((Company_Latest!$L$2:$L$500="OVERDUE (IDLE)")+(Company_Latest!$L$2:$L$500="WARNING (3-14 Days)"), ROW(Company_Latest!$L$2:$L$500)-1), 73)), "")
A83: =IF(B83<>"", 74, "") | B83: =IFERROR(INDEX(Company_Latest!C$2:C$500, SMALL(IF((Company_Latest!$L$2:$L$500="OVERDUE (IDLE)")+(Company_Latest!$L$2:$L$500="WARNING (3-14 Days)"), ROW(Company_Latest!$L$2:$L$500)-1), 74)), "") | C83: =IFERROR(INDEX(Company_Latest!D$2:D$500, SMALL(IF((Company_Latest!$L$2:$L$500="OVERDUE (IDLE)")+(Company_Latest!$L$2:$L$500="WARNING (3-14 Days)"), ROW(Company_Latest!$L$2:$L$500)-1), 74)), "") | D83: =IFERROR(INDEX(Company_Latest!E$2:E$500, SMALL(IF((Company_Latest!$L$2:$L$500="OVERDUE (IDLE)")+(Company_Latest!$L$2:$L$500="WARNING (3-14 Days)"), ROW(Company_Latest!$L$2:$L$500)-1), 74)), "") | E83: =IFERROR(INDEX(Company_Latest!G$2:G$500, SMALL(IF((Company_Latest!$L$2:$L$500="OVERDUE (IDLE)")+(Company_Latest!$L$2:$L$500="WARNING (3-14 Days)"), ROW(Company_Latest!$L$2:$L$500)-1), 74)), "") | F83: =IFERROR(INDEX(Company_Latest!H$2:H$500, SMALL(IF((Company_Latest!$L$2:$L$500="OVERDUE (IDLE)")+(Company_Latest!$L$2:$L$500="WARNING (3-14 Days)"), ROW(Company_Latest!$L$2:$L$500)-1), 74)), "") | G83: =IFERROR(INDEX(Company_Latest!K$2:K$500, SMALL(IF((Company_Latest!$L$2:$L$500="OVERDUE (IDLE)")+(Company_Latest!$L$2:$L$500="WARNING (3-14 Days)"), ROW(Company_Latest!$L$2:$L$500)-1), 74)), "") | H83: =IFERROR(INDEX(Company_Latest!L$2:L$500, SMALL(IF((Company_Latest!$L$2:$L$500="OVERDUE (IDLE)")+(Company_Latest!$L$2:$L$500="WARNING (3-14 Days)"), ROW(Company_Latest!$L$2:$L$500)-1), 74)), "")
A84: =IF(B84<>"", 75, "") | B84: =IFERROR(INDEX(Company_Latest!C$2:C$500, SMALL(IF((Company_Latest!$L$2:$L$500="OVERDUE (IDLE)")+(Company_Latest!$L$2:$L$500="WARNING (3-14 Days)"), ROW(Company_Latest!$L$2:$L$500)-1), 75)), "") | C84: =IFERROR(INDEX(Company_Latest!D$2:D$500, SMALL(IF((Company_Latest!$L$2:$L$500="OVERDUE (IDLE)")+(Company_Latest!$L$2:$L$500="WARNING (3-14 Days)"), ROW(Company_Latest!$L$2:$L$500)-1), 75)), "") | D84: =IFERROR(INDEX(Company_Latest!E$2:E$500, SMALL(IF((Company_Latest!$L$2:$L$500="OVERDUE (IDLE)")+(Company_Latest!$L$2:$L$500="WARNING (3-14 Days)"), ROW(Company_Latest!$L$2:$L$500)-1), 75)), "") | E84: =IFERROR(INDEX(Company_Latest!G$2:G$500, SMALL(IF((Company_Latest!$L$2:$L$500="OVERDUE (IDLE)")+(Company_Latest!$L$2:$L$500="WARNING (3-14 Days)"), ROW(Company_Latest!$L$2:$L$500)-1), 75)), "") | F84: =IFERROR(INDEX(Company_Latest!H$2:H$500, SMALL(IF((Company_Latest!$L$2:$L$500="OVERDUE (IDLE)")+(Company_Latest!$L$2:$L$500="WARNING (3-14 Days)"), ROW(Company_Latest!$L$2:$L$500)-1), 75)), "") | G84: =IFERROR(INDEX(Company_Latest!K$2:K$500, SMALL(IF((Company_Latest!$L$2:$L$500="OVERDUE (IDLE)")+(Company_Latest!$L$2:$L$500="WARNING (3-14 Days)"), ROW(Company_Latest!$L$2:$L$500)-1), 75)), "") | H84: =IFERROR(INDEX(Company_Latest!L$2:L$500, SMALL(IF((Company_Latest!$L$2:$L$500="OVERDUE (IDLE)")+(Company_Latest!$L$2:$L$500="WARNING (3-14 Days)"), ROW(Company_Latest!$L$2:$L$500)-1), 75)), "")
A85: =IF(B85<>"", 76, "") | B85: =IFERROR(INDEX(Company_Latest!C$2:C$500, SMALL(IF((Company_Latest!$L$2:$L$500="OVERDUE (IDLE)")+(Company_Latest!$L$2:$L$500="WARNING (3-14 Days)"), ROW(Company_Latest!$L$2:$L$500)-1), 76)), "") | C85: =IFERROR(INDEX(Company_Latest!D$2:D$500, SMALL(IF((Company_Latest!$L$2:$L$500="OVERDUE (IDLE)")+(Company_Latest!$L$2:$L$500="WARNING (3-14 Days)"), ROW(Company_Latest!$L$2:$L$500)-1), 76)), "") | D85: =IFERROR(INDEX(Company_Latest!E$2:E$500, SMALL(IF((Company_Latest!$L$2:$L$500="OVERDUE (IDLE)")+(Company_Latest!$L$2:$L$500="WARNING (3-14 Days)"), ROW(Company_Latest!$L$2:$L$500)-1), 76)), "") | E85: =IFERROR(INDEX(Company_Latest!G$2:G$500, SMALL(IF((Company_Latest!$L$2:$L$500="OVERDUE (IDLE)")+(Company_Latest!$L$2:$L$500="WARNING (3-14 Days)"), ROW(Company_Latest!$L$2:$L$500)-1), 76)), "") | F85: =IFERROR(INDEX(Company_Latest!H$2:H$500, SMALL(IF((Company_Latest!$L$2:$L$500="OVERDUE (IDLE)")+(Company_Latest!$L$2:$L$500="WARNING (3-14 Days)"), ROW(Company_Latest!$L$2:$L$500)-1), 76)), "") | G85: =IFERROR(INDEX(Company_Latest!K$2:K$500, SMALL(IF((Company_Latest!$L$2:$L$500="OVERDUE (IDLE)")+(Company_Latest!$L$2:$L$500="WARNING (3-14 Days)"), ROW(Company_Latest!$L$2:$L$500)-1), 76)), "") | H85: =IFERROR(INDEX(Company_Latest!L$2:L$500, SMALL(IF((Company_Latest!$L$2:$L$500="OVERDUE (IDLE)")+(Company_Latest!$L$2:$L$500="WARNING (3-14 Days)"), ROW(Company_Latest!$L$2:$L$500)-1), 76)), "")
A86: =IF(B86<>"", 77, "") | B86: =IFERROR(INDEX(Company_Latest!C$2:C$500, SMALL(IF((Company_Latest!$L$2:$L$500="OVERDUE (IDLE)")+(Company_Latest!$L$2:$L$500="WARNING (3-14 Days)"), ROW(Company_Latest!$L$2:$L$500)-1), 77)), "") | C86: =IFERROR(INDEX(Company_Latest!D$2:D$500, SMALL(IF((Company_Latest!$L$2:$L$500="OVERDUE (IDLE)")+(Company_Latest!$L$2:$L$500="WARNING (3-14 Days)"), ROW(Company_Latest!$L$2:$L$500)-1), 77)), "") | D86: =IFERROR(INDEX(Company_Latest!E$2:E$500, SMALL(IF((Company_Latest!$L$2:$L$500="OVERDUE (IDLE)")+(Company_Latest!$L$2:$L$500="WARNING (3-14 Days)"), ROW(Company_Latest!$L$2:$L$500)-1), 77)), "") | E86: =IFERROR(INDEX(Company_Latest!G$2:G$500, SMALL(IF((Company_Latest!$L$2:$L$500="OVERDUE (IDLE)")+(Company_Latest!$L$2:$L$500="WARNING (3-14 Days)"), ROW(Company_Latest!$L$2:$L$500)-1), 77)), "") | F86: =IFERROR(INDEX(Company_Latest!H$2:H$500, SMALL(IF((Company_Latest!$L$2:$L$500="OVERDUE (IDLE)")+(Company_Latest!$L$2:$L$500="WARNING (3-14 Days)"), ROW(Company_Latest!$L$2:$L$500)-1), 77)), "") | G86: =IFERROR(INDEX(Company_Latest!K$2:K$500, SMALL(IF((Company_Latest!$L$2:$L$500="OVERDUE (IDLE)")+(Company_Latest!$L$2:$L$500="WARNING (3-14 Days)"), ROW(Company_Latest!$L$2:$L$500)-1), 77)), "") | H86: =IFERROR(INDEX(Company_Latest!L$2:L$500, SMALL(IF((Company_Latest!$L$2:$L$500="OVERDUE (IDLE)")+(Company_Latest!$L$2:$L$500="WARNING (3-14 Days)"), ROW(Company_Latest!$L$2:$L$500)-1), 77)), "")
A87: =IF(B87<>"", 78, "") | B87: =IFERROR(INDEX(Company_Latest!C$2:C$500, SMALL(IF((Company_Latest!$L$2:$L$500="OVERDUE (IDLE)")+(Company_Latest!$L$2:$L$500="WARNING (3-14 Days)"), ROW(Company_Latest!$L$2:$L$500)-1), 78)), "") | C87: =IFERROR(INDEX(Company_Latest!D$2:D$500, SMALL(IF((Company_Latest!$L$2:$L$500="OVERDUE (IDLE)")+(Company_Latest!$L$2:$L$500="WARNING (3-14 Days)"), ROW(Company_Latest!$L$2:$L$500)-1), 78)), "") | D87: =IFERROR(INDEX(Company_Latest!E$2:E$500, SMALL(IF((Company_Latest!$L$2:$L$500="OVERDUE (IDLE)")+(Company_Latest!$L$2:$L$500="WARNING (3-14 Days)"), ROW(Company_Latest!$L$2:$L$500)-1), 78)), "") | E87: =IFERROR(INDEX(Company_Latest!G$2:G$500, SMALL(IF((Company_Latest!$L$2:$L$500="OVERDUE (IDLE)")+(Company_Latest!$L$2:$L$500="WARNING (3-14 Days)"), ROW(Company_Latest!$L$2:$L$500)-1), 78)), "") | F87: =IFERROR(INDEX(Company_Latest!H$2:H$500, SMALL(IF((Company_Latest!$L$2:$L$500="OVERDUE (IDLE)")+(Company_Latest!$L$2:$L$500="WARNING (3-14 Days)"), ROW(Company_Latest!$L$2:$L$500)-1), 78)), "") | G87: =IFERROR(INDEX(Company_Latest!K$2:K$500, SMALL(IF((Company_Latest!$L$2:$L$500="OVERDUE (IDLE)")+(Company_Latest!$L$2:$L$500="WARNING (3-14 Days)"), ROW(Company_Latest!$L$2:$L$500)-1), 78)), "") | H87: =IFERROR(INDEX(Company_Latest!L$2:L$500, SMALL(IF((Company_Latest!$L$2:$L$500="OVERDUE (IDLE)")+(Company_Latest!$L$2:$L$500="WARNING (3-14 Days)"), ROW(Company_Latest!$L$2:$L$500)-1), 78)), "")
A88: =IF(B88<>"", 79, "") | B88: =IFERROR(INDEX(Company_Latest!C$2:C$500, SMALL(IF((Company_Latest!$L$2:$L$500="OVERDUE (IDLE)")+(Company_Latest!$L$2:$L$500="WARNING (3-14 Days)"), ROW(Company_Latest!$L$2:$L$500)-1), 79)), "") | C88: =IFERROR(INDEX(Company_Latest!D$2:D$500, SMALL(IF((Company_Latest!$L$2:$L$500="OVERDUE (IDLE)")+(Company_Latest!$L$2:$L$500="WARNING (3-14 Days)"), ROW(Company_Latest!$L$2:$L$500)-1), 79)), "") | D88: =IFERROR(INDEX(Company_Latest!E$2:E$500, SMALL(IF((Company_Latest!$L$2:$L$500="OVERDUE (IDLE)")+(Company_Latest!$L$2:$L$500="WARNING (3-14 Days)"), ROW(Company_Latest!$L$2:$L$500)-1), 79)), "") | E88: =IFERROR(INDEX(Company_Latest!G$2:G$500, SMALL(IF((Company_Latest!$L$2:$L$500="OVERDUE (IDLE)")+(Company_Latest!$L$2:$L$500="WARNING (3-14 Days)"), ROW(Company_Latest!$L$2:$L$500)-1), 79)), "") | F88: =IFERROR(INDEX(Company_Latest!H$2:H$500, SMALL(IF((Company_Latest!$L$2:$L$500="OVERDUE (IDLE)")+(Company_Latest!$L$2:$L$500="WARNING (3-14 Days)"), ROW(Company_Latest!$L$2:$L$500)-1), 79)), "") | G88: =IFERROR(INDEX(Company_Latest!K$2:K$500, SMALL(IF((Company_Latest!$L$2:$L$500="OVERDUE (IDLE)")+(Company_Latest!$L$2:$L$500="WARNING (3-14 Days)"), ROW(Company_Latest!$L$2:$L$500)-1), 79)), "") | H88: =IFERROR(INDEX(Company_Latest!L$2:L$500, SMALL(IF((Company_Latest!$L$2:$L$500="OVERDUE (IDLE)")+(Company_Latest!$L$2:$L$500="WARNING (3-14 Days)"), ROW(Company_Latest!$L$2:$L$500)-1), 79)), "")
A89: =IF(B89<>"", 80, "") | B89: =IFERROR(INDEX(Company_Latest!C$2:C$500, SMALL(IF((Company_Latest!$L$2:$L$500="OVERDUE (IDLE)")+(Company_Latest!$L$2:$L$500="WARNING (3-14 Days)"), ROW(Company_Latest!$L$2:$L$500)-1), 80)), "") | C89: =IFERROR(INDEX(Company_Latest!D$2:D$500, SMALL(IF((Company_Latest!$L$2:$L$500="OVERDUE (IDLE)")+(Company_Latest!$L$2:$L$500="WARNING (3-14 Days)"), ROW(Company_Latest!$L$2:$L$500)-1), 80)), "") | D89: =IFERROR(INDEX(Company_Latest!E$2:E$500, SMALL(IF((Company_Latest!$L$2:$L$500="OVERDUE (IDLE)")+(Company_Latest!$L$2:$L$500="WARNING (3-14 Days)"), ROW(Company_Latest!$L$2:$L$500)-1), 80)), "") | E89: =IFERROR(INDEX(Company_Latest!G$2:G$500, SMALL(IF((Company_Latest!$L$2:$L$500="OVERDUE (IDLE)")+(Company_Latest!$L$2:$L$500="WARNING (3-14 Days)"), ROW(Company_Latest!$L$2:$L$500)-1), 80)), "") | F89: =IFERROR(INDEX(Company_Latest!H$2:H$500, SMALL(IF((Company_Latest!$L$2:$L$500="OVERDUE (IDLE)")+(Company_Latest!$L$2:$L$500="WARNING (3-14 Days)"), ROW(Company_Latest!$L$2:$L$500)-1), 80)), "") | G89: =IFERROR(INDEX(Company_Latest!K$2:K$500, SMALL(IF((Company_Latest!$L$2:$L$500="OVERDUE (IDLE)")+(Company_Latest!$L$2:$L$500="WARNING (3-14 Days)"), ROW(Company_Latest!$L$2:$L$500)-1), 80)), "") | H89: =IFERROR(INDEX(Company_Latest!L$2:L$500, SMALL(IF((Company_Latest!$L$2:$L$500="OVERDUE (IDLE)")+(Company_Latest!$L$2:$L$500="WARNING (3-14 Days)"), ROW(Company_Latest!$L$2:$L$500)-1), 80)), "")
A90: =IF(B90<>"", 81, "") | B90: =IFERROR(INDEX(Company_Latest!C$2:C$500, SMALL(IF((Company_Latest!$L$2:$L$500="OVERDUE (IDLE)")+(Company_Latest!$L$2:$L$500="WARNING (3-14 Days)"), ROW(Company_Latest!$L$2:$L$500)-1), 81)), "") | C90: =IFERROR(INDEX(Company_Latest!D$2:D$500, SMALL(IF((Company_Latest!$L$2:$L$500="OVERDUE (IDLE)")+(Company_Latest!$L$2:$L$500="WARNING (3-14 Days)"), ROW(Company_Latest!$L$2:$L$500)-1), 81)), "") | D90: =IFERROR(INDEX(Company_Latest!E$2:E$500, SMALL(IF((Company_Latest!$L$2:$L$500="OVERDUE (IDLE)")+(Company_Latest!$L$2:$L$500="WARNING (3-14 Days)"), ROW(Company_Latest!$L$2:$L$500)-1), 81)), "") | E90: =IFERROR(INDEX(Company_Latest!G$2:G$500, SMALL(IF((Company_Latest!$L$2:$L$500="OVERDUE (IDLE)")+(Company_Latest!$L$2:$L$500="WARNING (3-14 Days)"), ROW(Company_Latest!$L$2:$L$500)-1), 81)), "") | F90: =IFERROR(INDEX(Company_Latest!H$2:H$500, SMALL(IF((Company_Latest!$L$2:$L$500="OVERDUE (IDLE)")+(Company_Latest!$L$2:$L$500="WARNING (3-14 Days)"), ROW(Company_Latest!$L$2:$L$500)-1), 81)), "") | G90: =IFERROR(INDEX(Company_Latest!K$2:K$500, SMALL(IF((Company_Latest!$L$2:$L$500="OVERDUE (IDLE)")+(Company_Latest!$L$2:$L$500="WARNING (3-14 Days)"), ROW(Company_Latest!$L$2:$L$500)-1), 81)), "") | H90: =IFERROR(INDEX(Company_Latest!L$2:L$500, SMALL(IF((Company_Latest!$L$2:$L$500="OVERDUE (IDLE)")+(Company_Latest!$L$2:$L$500="WARNING (3-14 Days)"), ROW(Company_Latest!$L$2:$L$500)-1), 81)), "")
A91: =IF(B91<>"", 82, "") | B91: =IFERROR(INDEX(Company_Latest!C$2:C$500, SMALL(IF((Company_Latest!$L$2:$L$500="OVERDUE (IDLE)")+(Company_Latest!$L$2:$L$500="WARNING (3-14 Days)"), ROW(Company_Latest!$L$2:$L$500)-1), 82)), "") | C91: =IFERROR(INDEX(Company_Latest!D$2:D$500, SMALL(IF((Company_Latest!$L$2:$L$500="OVERDUE (IDLE)")+(Company_Latest!$L$2:$L$500="WARNING (3-14 Days)"), ROW(Company_Latest!$L$2:$L$500)-1), 82)), "") | D91: =IFERROR(INDEX(Company_Latest!E$2:E$500, SMALL(IF((Company_Latest!$L$2:$L$500="OVERDUE (IDLE)")+(Company_Latest!$L$2:$L$500="WARNING (3-14 Days)"), ROW(Company_Latest!$L$2:$L$500)-1), 82)), "") | E91: =IFERROR(INDEX(Company_Latest!G$2:G$500, SMALL(IF((Company_Latest!$L$2:$L$500="OVERDUE (IDLE)")+(Company_Latest!$L$2:$L$500="WARNING (3-14 Days)"), ROW(Company_Latest!$L$2:$L$500)-1), 82)), "") | F91: =IFERROR(INDEX(Company_Latest!H$2:H$500, SMALL(IF((Company_Latest!$L$2:$L$500="OVERDUE (IDLE)")+(Company_Latest!$L$2:$L$500="WARNING (3-14 Days)"), ROW(Company_Latest!$L$2:$L$500)-1), 82)), "") | G91: =IFERROR(INDEX(Company_Latest!K$2:K$500, SMALL(IF((Company_Latest!$L$2:$L$500="OVERDUE (IDLE)")+(Company_Latest!$L$2:$L$500="WARNING (3-14 Days)"), ROW(Company_Latest!$L$2:$L$500)-1), 82)), "") | H91: =IFERROR(INDEX(Company_Latest!L$2:L$500, SMALL(IF((Company_Latest!$L$2:$L$500="OVERDUE (IDLE)")+(Company_Latest!$L$2:$L$500="WARNING (3-14 Days)"), ROW(Company_Latest!$L$2:$L$500)-1), 82)), "")
A92: =IF(B92<>"", 83, "") | B92: =IFERROR(INDEX(Company_Latest!C$2:C$500, SMALL(IF((Company_Latest!$L$2:$L$500="OVERDUE (IDLE)")+(Company_Latest!$L$2:$L$500="WARNING (3-14 Days)"), ROW(Company_Latest!$L$2:$L$500)-1), 83)), "") | C92: =IFERROR(INDEX(Company_Latest!D$2:D$500, SMALL(IF((Company_Latest!$L$2:$L$500="OVERDUE (IDLE)")+(Company_Latest!$L$2:$L$500="WARNING (3-14 Days)"), ROW(Company_Latest!$L$2:$L$500)-1), 83)), "") | D92: =IFERROR(INDEX(Company_Latest!E$2:E$500, SMALL(IF((Company_Latest!$L$2:$L$500="OVERDUE (IDLE)")+(Company_Latest!$L$2:$L$500="WARNING (3-14 Days)"), ROW(Company_Latest!$L$2:$L$500)-1), 83)), "") | E92: =IFERROR(INDEX(Company_Latest!G$2:G$500, SMALL(IF((Company_Latest!$L$2:$L$500="OVERDUE (IDLE)")+(Company_Latest!$L$2:$L$500="WARNING (3-14 Days)"), ROW(Company_Latest!$L$2:$L$500)-1), 83)), "") | F92: =IFERROR(INDEX(Company_Latest!H$2:H$500, SMALL(IF((Company_Latest!$L$2:$L$500="OVERDUE (IDLE)")+(Company_Latest!$L$2:$L$500="WARNING (3-14 Days)"), ROW(Company_Latest!$L$2:$L$500)-1), 83)), "") | G92: =IFERROR(INDEX(Company_Latest!K$2:K$500, SMALL(IF((Company_Latest!$L$2:$L$500="OVERDUE (IDLE)")+(Company_Latest!$L$2:$L$500="WARNING (3-14 Days)"), ROW(Company_Latest!$L$2:$L$500)-1), 83)), "") | H92: =IFERROR(INDEX(Company_Latest!L$2:L$500, SMALL(IF((Company_Latest!$L$2:$L$500="OVERDUE (IDLE)")+(Company_Latest!$L$2:$L$500="WARNING (3-14 Days)"), ROW(Company_Latest!$L$2:$L$500)-1), 83)), "")
A93: =IF(B93<>"", 84, "") | B93: =IFERROR(INDEX(Company_Latest!C$2:C$500, SMALL(IF((Company_Latest!$L$2:$L$500="OVERDUE (IDLE)")+(Company_Latest!$L$2:$L$500="WARNING (3-14 Days)"), ROW(Company_Latest!$L$2:$L$500)-1), 84)), "") | C93: =IFERROR(INDEX(Company_Latest!D$2:D$500, SMALL(IF((Company_Latest!$L$2:$L$500="OVERDUE (IDLE)")+(Company_Latest!$L$2:$L$500="WARNING (3-14 Days)"), ROW(Company_Latest!$L$2:$L$500)-1), 84)), "") | D93: =IFERROR(INDEX(Company_Latest!E$2:E$500, SMALL(IF((Company_Latest!$L$2:$L$500="OVERDUE (IDLE)")+(Company_Latest!$L$2:$L$500="WARNING (3-14 Days)"), ROW(Company_Latest!$L$2:$L$500)-1), 84)), "") | E93: =IFERROR(INDEX(Company_Latest!G$2:G$500, SMALL(IF((Company_Latest!$L$2:$L$500="OVERDUE (IDLE)")+(Company_Latest!$L$2:$L$500="WARNING (3-14 Days)"), ROW(Company_Latest!$L$2:$L$500)-1), 84)), "") | F93: =IFERROR(INDEX(Company_Latest!H$2:H$500, SMALL(IF((Company_Latest!$L$2:$L$500="OVERDUE (IDLE)")+(Company_Latest!$L$2:$L$500="WARNING (3-14 Days)"), ROW(Company_Latest!$L$2:$L$500)-1), 84)), "") | G93: =IFERROR(INDEX(Company_Latest!K$2:K$500, SMALL(IF((Company_Latest!$L$2:$L$500="OVERDUE (IDLE)")+(Company_Latest!$L$2:$L$500="WARNING (3-14 Days)"), ROW(Company_Latest!$L$2:$L$500)-1), 84)), "") | H93: =IFERROR(INDEX(Company_Latest!L$2:L$500, SMALL(IF((Company_Latest!$L$2:$L$500="OVERDUE (IDLE)")+(Company_Latest!$L$2:$L$500="WARNING (3-14 Days)"), ROW(Company_Latest!$L$2:$L$500)-1), 84)), "")
A94: =IF(B94<>"", 85, "") | B94: =IFERROR(INDEX(Company_Latest!C$2:C$500, SMALL(IF((Company_Latest!$L$2:$L$500="OVERDUE (IDLE)")+(Company_Latest!$L$2:$L$500="WARNING (3-14 Days)"), ROW(Company_Latest!$L$2:$L$500)-1), 85)), "") | C94: =IFERROR(INDEX(Company_Latest!D$2:D$500, SMALL(IF((Company_Latest!$L$2:$L$500="OVERDUE (IDLE)")+(Company_Latest!$L$2:$L$500="WARNING (3-14 Days)"), ROW(Company_Latest!$L$2:$L$500)-1), 85)), "") | D94: =IFERROR(INDEX(Company_Latest!E$2:E$500, SMALL(IF((Company_Latest!$L$2:$L$500="OVERDUE (IDLE)")+(Company_Latest!$L$2:$L$500="WARNING (3-14 Days)"), ROW(Company_Latest!$L$2:$L$500)-1), 85)), "") | E94: =IFERROR(INDEX(Company_Latest!G$2:G$500, SMALL(IF((Company_Latest!$L$2:$L$500="OVERDUE (IDLE)")+(Company_Latest!$L$2:$L$500="WARNING (3-14 Days)"), ROW(Company_Latest!$L$2:$L$500)-1), 85)), "") | F94: =IFERROR(INDEX(Company_Latest!H$2:H$500, SMALL(IF((Company_Latest!$L$2:$L$500="OVERDUE (IDLE)")+(Company_Latest!$L$2:$L$500="WARNING (3-14 Days)"), ROW(Company_Latest!$L$2:$L$500)-1), 85)), "") | G94: =IFERROR(INDEX(Company_Latest!K$2:K$500, SMALL(IF((Company_Latest!$L$2:$L$500="OVERDUE (IDLE)")+(Company_Latest!$L$2:$L$500="WARNING (3-14 Days)"), ROW(Company_Latest!$L$2:$L$500)-1), 85)), "") | H94: =IFERROR(INDEX(Company_Latest!L$2:L$500, SMALL(IF((Company_Latest!$L$2:$L$500="OVERDUE (IDLE)")+(Company_Latest!$L$2:$L$500="WARNING (3-14 Days)"), ROW(Company_Latest!$L$2:$L$500)-1), 85)), "")
A95: =IF(B95<>"", 86, "") | B95: =IFERROR(INDEX(Company_Latest!C$2:C$500, SMALL(IF((Company_Latest!$L$2:$L$500="OVERDUE (IDLE)")+(Company_Latest!$L$2:$L$500="WARNING (3-14 Days)"), ROW(Company_Latest!$L$2:$L$500)-1), 86)), "") | C95: =IFERROR(INDEX(Company_Latest!D$2:D$500, SMALL(IF((Company_Latest!$L$2:$L$500="OVERDUE (IDLE)")+(Company_Latest!$L$2:$L$500="WARNING (3-14 Days)"), ROW(Company_Latest!$L$2:$L$500)-1), 86)), "") | D95: =IFERROR(INDEX(Company_Latest!E$2:E$500, SMALL(IF((Company_Latest!$L$2:$L$500="OVERDUE (IDLE)")+(Company_Latest!$L$2:$L$500="WARNING (3-14 Days)"), ROW(Company_Latest!$L$2:$L$500)-1), 86)), "") | E95: =IFERROR(INDEX(Company_Latest!G$2:G$500, SMALL(IF((Company_Latest!$L$2:$L$500="OVERDUE (IDLE)")+(Company_Latest!$L$2:$L$500="WARNING (3-14 Days)"), ROW(Company_Latest!$L$2:$L$500)-1), 86)), "") | F95: =IFERROR(INDEX(Company_Latest!H$2:H$500, SMALL(IF((Company_Latest!$L$2:$L$500="OVERDUE (IDLE)")+(Company_Latest!$L$2:$L$500="WARNING (3-14 Days)"), ROW(Company_Latest!$L$2:$L$500)-1), 86)), "") | G95: =IFERROR(INDEX(Company_Latest!K$2:K$500, SMALL(IF((Company_Latest!$L$2:$L$500="OVERDUE (IDLE)")+(Company_Latest!$L$2:$L$500="WARNING (3-14 Days)"), ROW(Company_Latest!$L$2:$L$500)-1), 86)), "") | H95: =IFERROR(INDEX(Company_Latest!L$2:L$500, SMALL(IF((Company_Latest!$L$2:$L$500="OVERDUE (IDLE)")+(Company_Latest!$L$2:$L$500="WARNING (3-14 Days)"), ROW(Company_Latest!$L$2:$L$500)-1), 86)), "")
A96: =IF(B96<>"", 87, "") | B96: =IFERROR(INDEX(Company_Latest!C$2:C$500, SMALL(IF((Company_Latest!$L$2:$L$500="OVERDUE (IDLE)")+(Company_Latest!$L$2:$L$500="WARNING (3-14 Days)"), ROW(Company_Latest!$L$2:$L$500)-1), 87)), "") | C96: =IFERROR(INDEX(Company_Latest!D$2:D$500, SMALL(IF((Company_Latest!$L$2:$L$500="OVERDUE (IDLE)")+(Company_Latest!$L$2:$L$500="WARNING (3-14 Days)"), ROW(Company_Latest!$L$2:$L$500)-1), 87)), "") | D96: =IFERROR(INDEX(Company_Latest!E$2:E$500, SMALL(IF((Company_Latest!$L$2:$L$500="OVERDUE (IDLE)")+(Company_Latest!$L$2:$L$500="WARNING (3-14 Days)"), ROW(Company_Latest!$L$2:$L$500)-1), 87)), "") | E96: =IFERROR(INDEX(Company_Latest!G$2:G$500, SMALL(IF((Company_Latest!$L$2:$L$500="OVERDUE (IDLE)")+(Company_Latest!$L$2:$L$500="WARNING (3-14 Days)"), ROW(Company_Latest!$L$2:$L$500)-1), 87)), "") | F96: =IFERROR(INDEX(Company_Latest!H$2:H$500, SMALL(IF((Company_Latest!$L$2:$L$500="OVERDUE (IDLE)")+(Company_Latest!$L$2:$L$500="WARNING (3-14 Days)"), ROW(Company_Latest!$L$2:$L$500)-1), 87)), "") | G96: =IFERROR(INDEX(Company_Latest!K$2:K$500, SMALL(IF((Company_Latest!$L$2:$L$500="OVERDUE (IDLE)")+(Company_Latest!$L$2:$L$500="WARNING (3-14 Days)"), ROW(Company_Latest!$L$2:$L$500)-1), 87)), "") | H96: =IFERROR(INDEX(Company_Latest!L$2:L$500, SMALL(IF((Company_Latest!$L$2:$L$500="OVERDUE (IDLE)")+(Company_Latest!$L$2:$L$500="WARNING (3-14 Days)"), ROW(Company_Latest!$L$2:$L$500)-1), 87)), "")
A97: =IF(B97<>"", 88, "") | B97: =IFERROR(INDEX(Company_Latest!C$2:C$500, SMALL(IF((Company_Latest!$L$2:$L$500="OVERDUE (IDLE)")+(Company_Latest!$L$2:$L$500="WARNING (3-14 Days)"), ROW(Company_Latest!$L$2:$L$500)-1), 88)), "") | C97: =IFERROR(INDEX(Company_Latest!D$2:D$500, SMALL(IF((Company_Latest!$L$2:$L$500="OVERDUE (IDLE)")+(Company_Latest!$L$2:$L$500="WARNING (3-14 Days)"), ROW(Company_Latest!$L$2:$L$500)-1), 88)), "") | D97: =IFERROR(INDEX(Company_Latest!E$2:E$500, SMALL(IF((Company_Latest!$L$2:$L$500="OVERDUE (IDLE)")+(Company_Latest!$L$2:$L$500="WARNING (3-14 Days)"), ROW(Company_Latest!$L$2:$L$500)-1), 88)), "") | E97: =IFERROR(INDEX(Company_Latest!G$2:G$500, SMALL(IF((Company_Latest!$L$2:$L$500="OVERDUE (IDLE)")+(Company_Latest!$L$2:$L$500="WARNING (3-14 Days)"), ROW(Company_Latest!$L$2:$L$500)-1), 88)), "") | F97: =IFERROR(INDEX(Company_Latest!H$2:H$500, SMALL(IF((Company_Latest!$L$2:$L$500="OVERDUE (IDLE)")+(Company_Latest!$L$2:$L$500="WARNING (3-14 Days)"), ROW(Company_Latest!$L$2:$L$500)-1), 88)), "") | G97: =IFERROR(INDEX(Company_Latest!K$2:K$500, SMALL(IF((Company_Latest!$L$2:$L$500="OVERDUE (IDLE)")+(Company_Latest!$L$2:$L$500="WARNING (3-14 Days)"), ROW(Company_Latest!$L$2:$L$500)-1), 88)), "") | H97: =IFERROR(INDEX(Company_Latest!L$2:L$500, SMALL(IF((Company_Latest!$L$2:$L$500="OVERDUE (IDLE)")+(Company_Latest!$L$2:$L$500="WARNING (3-14 Days)"), ROW(Company_Latest!$L$2:$L$500)-1), 88)), "")
A98: =IF(B98<>"", 89, "") | B98: =IFERROR(INDEX(Company_Latest!C$2:C$500, SMALL(IF((Company_Latest!$L$2:$L$500="OVERDUE (IDLE)")+(Company_Latest!$L$2:$L$500="WARNING (3-14 Days)"), ROW(Company_Latest!$L$2:$L$500)-1), 89)), "") | C98: =IFERROR(INDEX(Company_Latest!D$2:D$500, SMALL(IF((Company_Latest!$L$2:$L$500="OVERDUE (IDLE)")+(Company_Latest!$L$2:$L$500="WARNING (3-14 Days)"), ROW(Company_Latest!$L$2:$L$500)-1), 89)), "") | D98: =IFERROR(INDEX(Company_Latest!E$2:E$500, SMALL(IF((Company_Latest!$L$2:$L$500="OVERDUE (IDLE)")+(Company_Latest!$L$2:$L$500="WARNING (3-14 Days)"), ROW(Company_Latest!$L$2:$L$500)-1), 89)), "") | E98: =IFERROR(INDEX(Company_Latest!G$2:G$500, SMALL(IF((Company_Latest!$L$2:$L$500="OVERDUE (IDLE)")+(Company_Latest!$L$2:$L$500="WARNING (3-14 Days)"), ROW(Company_Latest!$L$2:$L$500)-1), 89)), "") | F98: =IFERROR(INDEX(Company_Latest!H$2:H$500, SMALL(IF((Company_Latest!$L$2:$L$500="OVERDUE (IDLE)")+(Company_Latest!$L$2:$L$500="WARNING (3-14 Days)"), ROW(Company_Latest!$L$2:$L$500)-1), 89)), "") | G98: =IFERROR(INDEX(Company_Latest!K$2:K$500, SMALL(IF((Company_Latest!$L$2:$L$500="OVERDUE (IDLE)")+(Company_Latest!$L$2:$L$500="WARNING (3-14 Days)"), ROW(Company_Latest!$L$2:$L$500)-1), 89)), "") | H98: =IFERROR(INDEX(Company_Latest!L$2:L$500, SMALL(IF((Company_Latest!$L$2:$L$500="OVERDUE (IDLE)")+(Company_Latest!$L$2:$L$500="WARNING (3-14 Days)"), ROW(Company_Latest!$L$2:$L$500)-1), 89)), "")
A99: =IF(B99<>"", 90, "") | B99: =IFERROR(INDEX(Company_Latest!C$2:C$500, SMALL(IF((Company_Latest!$L$2:$L$500="OVERDUE (IDLE)")+(Company_Latest!$L$2:$L$500="WARNING (3-14 Days)"), ROW(Company_Latest!$L$2:$L$500)-1), 90)), "") | C99: =IFERROR(INDEX(Company_Latest!D$2:D$500, SMALL(IF((Company_Latest!$L$2:$L$500="OVERDUE (IDLE)")+(Company_Latest!$L$2:$L$500="WARNING (3-14 Days)"), ROW(Company_Latest!$L$2:$L$500)-1), 90)), "") | D99: =IFERROR(INDEX(Company_Latest!E$2:E$500, SMALL(IF((Company_Latest!$L$2:$L$500="OVERDUE (IDLE)")+(Company_Latest!$L$2:$L$500="WARNING (3-14 Days)"), ROW(Company_Latest!$L$2:$L$500)-1), 90)), "") | E99: =IFERROR(INDEX(Company_Latest!G$2:G$500, SMALL(IF((Company_Latest!$L$2:$L$500="OVERDUE (IDLE)")+(Company_Latest!$L$2:$L$500="WARNING (3-14 Days)"), ROW(Company_Latest!$L$2:$L$500)-1), 90)), "") | F99: =IFERROR(INDEX(Company_Latest!H$2:H$500, SMALL(IF((Company_Latest!$L$2:$L$500="OVERDUE (IDLE)")+(Company_Latest!$L$2:$L$500="WARNING (3-14 Days)"), ROW(Company_Latest!$L$2:$L$500)-1), 90)), "") | G99: =IFERROR(INDEX(Company_Latest!K$2:K$500, SMALL(IF((Company_Latest!$L$2:$L$500="OVERDUE (IDLE)")+(Company_Latest!$L$2:$L$500="WARNING (3-14 Days)"), ROW(Company_Latest!$L$2:$L$500)-1), 90)), "") | H99: =IFERROR(INDEX(Company_Latest!L$2:L$500, SMALL(IF((Company_Latest!$L$2:$L$500="OVERDUE (IDLE)")+(Company_Latest!$L$2:$L$500="WARNING (3-14 Days)"), ROW(Company_Latest!$L$2:$L$500)-1), 90)), "")
A100: =IF(B100<>"", 91, "") | B100: =IFERROR(INDEX(Company_Latest!C$2:C$500, SMALL(IF((Company_Latest!$L$2:$L$500="OVERDUE (IDLE)")+(Company_Latest!$L$2:$L$500="WARNING (3-14 Days)"), ROW(Company_Latest!$L$2:$L$500)-1), 91)), "") | C100: =IFERROR(INDEX(Company_Latest!D$2:D$500, SMALL(IF((Company_Latest!$L$2:$L$500="OVERDUE (IDLE)")+(Company_Latest!$L$2:$L$500="WARNING (3-14 Days)"), ROW(Company_Latest!$L$2:$L$500)-1), 91)), "") | D100: =IFERROR(INDEX(Company_Latest!E$2:E$500, SMALL(IF((Company_Latest!$L$2:$L$500="OVERDUE (IDLE)")+(Company_Latest!$L$2:$L$500="WARNING (3-14 Days)"), ROW(Company_Latest!$L$2:$L$500)-1), 91)), "") | E100: =IFERROR(INDEX(Company_Latest!G$2:G$500, SMALL(IF((Company_Latest!$L$2:$L$500="OVERDUE (IDLE)")+(Company_Latest!$L$2:$L$500="WARNING (3-14 Days)"), ROW(Company_Latest!$L$2:$L$500)-1), 91)), "") | F100: =IFERROR(INDEX(Company_Latest!H$2:H$500, SMALL(IF((Company_Latest!$L$2:$L$500="OVERDUE (IDLE)")+(Company_Latest!$L$2:$L$500="WARNING (3-14 Days)"), ROW(Company_Latest!$L$2:$L$500)-1), 91)), "") | G100: =IFERROR(INDEX(Company_Latest!K$2:K$500, SMALL(IF((Company_Latest!$L$2:$L$500="OVERDUE (IDLE)")+(Company_Latest!$L$2:$L$500="WARNING (3-14 Days)"), ROW(Company_Latest!$L$2:$L$500)-1), 91)), "") | H100: =IFERROR(INDEX(Company_Latest!L$2:L$500, SMALL(IF((Company_Latest!$L$2:$L$500="OVERDUE (IDLE)")+(Company_Latest!$L$2:$L$500="WARNING (3-14 Days)"), ROW(Company_Latest!$L$2:$L$500)-1), 91)), "")
A101: =IF(B101<>"", 92, "") | B101: =IFERROR(INDEX(Company_Latest!C$2:C$500, SMALL(IF((Company_Latest!$L$2:$L$500="OVERDUE (IDLE)")+(Company_Latest!$L$2:$L$500="WARNING (3-14 Days)"), ROW(Company_Latest!$L$2:$L$500)-1), 92)), "") | C101: =IFERROR(INDEX(Company_Latest!D$2:D$500, SMALL(IF((Company_Latest!$L$2:$L$500="OVERDUE (IDLE)")+(Company_Latest!$L$2:$L$500="WARNING (3-14 Days)"), ROW(Company_Latest!$L$2:$L$500)-1), 92)), "") | D101: =IFERROR(INDEX(Company_Latest!E$2:E$500, SMALL(IF((Company_Latest!$L$2:$L$500="OVERDUE (IDLE)")+(Company_Latest!$L$2:$L$500="WARNING (3-14 Days)"), ROW(Company_Latest!$L$2:$L$500)-1), 92)), "") | E101: =IFERROR(INDEX(Company_Latest!G$2:G$500, SMALL(IF((Company_Latest!$L$2:$L$500="OVERDUE (IDLE)")+(Company_Latest!$L$2:$L$500="WARNING (3-14 Days)"), ROW(Company_Latest!$L$2:$L$500)-1), 92)), "") | F101: =IFERROR(INDEX(Company_Latest!H$2:H$500, SMALL(IF((Company_Latest!$L$2:$L$500="OVERDUE (IDLE)")+(Company_Latest!$L$2:$L$500="WARNING (3-14 Days)"), ROW(Company_Latest!$L$2:$L$500)-1), 92)), "") | G101: =IFERROR(INDEX(Company_Latest!K$2:K$500, SMALL(IF((Company_Latest!$L$2:$L$500="OVERDUE (IDLE)")+(Company_Latest!$L$2:$L$500="WARNING (3-14 Days)"), ROW(Company_Latest!$L$2:$L$500)-1), 92)), "") | H101: =IFERROR(INDEX(Company_Latest!L$2:L$500, SMALL(IF((Company_Latest!$L$2:$L$500="OVERDUE (IDLE)")+(Company_Latest!$L$2:$L$500="WARNING (3-14 Days)"), ROW(Company_Latest!$L$2:$L$500)-1), 92)), "")
A102: =IF(B102<>"", 93, "") | B102: =IFERROR(INDEX(Company_Latest!C$2:C$500, SMALL(IF((Company_Latest!$L$2:$L$500="OVERDUE (IDLE)")+(Company_Latest!$L$2:$L$500="WARNING (3-14 Days)"), ROW(Company_Latest!$L$2:$L$500)-1), 93)), "") | C102: =IFERROR(INDEX(Company_Latest!D$2:D$500, SMALL(IF((Company_Latest!$L$2:$L$500="OVERDUE (IDLE)")+(Company_Latest!$L$2:$L$500="WARNING (3-14 Days)"), ROW(Company_Latest!$L$2:$L$500)-1), 93)), "") | D102: =IFERROR(INDEX(Company_Latest!E$2:E$500, SMALL(IF((Company_Latest!$L$2:$L$500="OVERDUE (IDLE)")+(Company_Latest!$L$2:$L$500="WARNING (3-14 Days)"), ROW(Company_Latest!$L$2:$L$500)-1), 93)), "") | E102: =IFERROR(INDEX(Company_Latest!G$2:G$500, SMALL(IF((Company_Latest!$L$2:$L$500="OVERDUE (IDLE)")+(Company_Latest!$L$2:$L$500="WARNING (3-14 Days)"), ROW(Company_Latest!$L$2:$L$500)-1), 93)), "") | F102: =IFERROR(INDEX(Company_Latest!H$2:H$500, SMALL(IF((Company_Latest!$L$2:$L$500="OVERDUE (IDLE)")+(Company_Latest!$L$2:$L$500="WARNING (3-14 Days)"), ROW(Company_Latest!$L$2:$L$500)-1), 93)), "") | G102: =IFERROR(INDEX(Company_Latest!K$2:K$500, SMALL(IF((Company_Latest!$L$2:$L$500="OVERDUE (IDLE)")+(Company_Latest!$L$2:$L$500="WARNING (3-14 Days)"), ROW(Company_Latest!$L$2:$L$500)-1), 93)), "") | H102: =IFERROR(INDEX(Company_Latest!L$2:L$500, SMALL(IF((Company_Latest!$L$2:$L$500="OVERDUE (IDLE)")+(Company_Latest!$L$2:$L$500="WARNING (3-14 Days)"), ROW(Company_Latest!$L$2:$L$500)-1), 93)), "")
...

Sheet Company_Latest
A1: Sales Manager | B1: Sales Supervisor | C1: Sales Officer | D1: Company ID | E1: Company Name | F1: Company Size | G1: Project ID | H1: Last Progress | I1: Prospect to Leads (Left Days) | J1: Leads to Idle (Left Days) | K1: Detail Progress & Note | L1: Alert Status
A2: Fuji | C2: Ravico | D2: EMPIND | E2: EIGERINDO MULTI PRODUK INDONESIA | F2: L | G2: 7.25.00362 | H2: Leads | I2: 0 | J2: -32 | K2: Reach Truck 1.5 Ton (1 Unit) _ 1 Tahun _ Canvassing awal & Sales Call | L2: =IF(AND(H2="Leads", J2<=0), "OVERDUE (IDLE)", IF(AND(H2="Leads", J2<=14), "WARNING (3-14 Days)", IF(AND(H2="Prospect", J2<=0), "PROSPECT EXPIRED", "SAFE / ON TRACK")))
A3: Fuji | C3: Ravico | D3: BCCBI | E3: PT BANK CHINA CONSTRUCTION BANK INDONESIA TBK | F3: L | G3: 7.26.00053 | H3: Leads | I3: 0 | J3: 21 | K3: Reach Truck 1.5 Ton (1 Unit) _ 1 Tahun _ Canvassing awal & Sales Call | L3: =IF(AND(H3="Leads", J3<=0), "OVERDUE (IDLE)", IF(AND(H3="Leads", J3<=14), "WARNING (3-14 Days)", IF(AND(H3="Prospect", J3<=0), "PROSPECT EXPIRED", "SAFE / ON TRACK")))
A4: Fuji | C4: Ravico | D4: TRITNGGAL | E4: PT TRITUNGGAL DELTA SEJAHTERA | F4: M | G4: 7.26.00116 | H4: Leads | I4: 0 | J4: 28 | K4: Reach Truck 1.5 Ton (1 Unit) _ 1 Tahun _ Canvassing awal & Sales Call | L4: =IF(AND(H4="Leads", J4<=0), "OVERDUE (IDLE)", IF(AND(H4="Leads", J4<=14), "WARNING (3-14 Days)", IF(AND(H4="Prospect", J4<=0), "PROSPECT EXPIRED", "SAFE / ON TRACK")))
A5: Fuji | C5: Ravico | D5: UPD | E5: PT UNITRADE PRIMA DINAMIKA | F5: M | G5: 7.26.00317 | H5: Leads | I5: 0 | J5: 94 | K5: Reach Truck 1.5 Ton (1 Unit) _ 1 Tahun _ Canvassing awal & Sales Call | L5: =IF(AND(H5="Leads", J5<=0), "OVERDUE (IDLE)", IF(AND(H5="Leads", J5<=14), "WARNING (3-14 Days)", IF(AND(H5="Prospect", J5<=0), "PROSPECT EXPIRED", "SAFE / ON TRACK")))
A6: Fuji | C6: Ravico | D6: ONIND | E6: PT ONINDONESIA SISTEM TEKNOLOGI | F6: M | G6: 7.26.00319 | H6: Leads | I6: 0 | J6: 100 | K6: Reach Truck 1.5 Ton (1 Unit) _ 1 Tahun _ Canvassing awal & Sales Call | L6: =IF(AND(H6="Leads", J6<=0), "OVERDUE (IDLE)", IF(AND(H6="Leads", J6<=14), "WARNING (3-14 Days)", IF(AND(H6="Prospect", J6<=0), "PROSPECT EXPIRED", "SAFE / ON TRACK")))
A7: Fuji | C7: Ravico | D7: ASUTOMARIN | E7: PT ASURANSI TOKIO MARINE INDONESIA | F7: L | G7: 7.26.00324 | H7: Leads | I7: 0 | J7: 112 | K7: Reach Truck 1.5 Ton (1 Unit) _ 1 Tahun _ Canvassing awal & Sales Call | L7: =IF(AND(H7="Leads", J7<=0), "OVERDUE (IDLE)", IF(AND(H7="Leads", J7<=14), "WARNING (3-14 Days)", IF(AND(H7="Prospect", J7<=0), "PROSPECT EXPIRED", "SAFE / ON TRACK")))
A8: Fuji | C8: Ravico | D8: NELY | E8: PT PELAYARAN NELLY DWI PUTRI TBK | F8: L | G8: 7.26.00328 | H8: Leads | I8: 0 | J8: 16 | K8: Reach Truck 1.5 Ton (1 Unit) _ 1 Tahun _ Canvassing awal & Sales Call | L8: =IF(AND(H8="Leads", J8<=0), "OVERDUE (IDLE)", IF(AND(H8="Leads", J8<=14), "WARNING (3-14 Days)", IF(AND(H8="Prospect", J8<=0), "PROSPECT EXPIRED", "SAFE / ON TRACK")))
A9: Fuji | C9: Ravico | D9: PNGGIDN | E9: PT PINANG EXPORT INDONESIA | F9: M | G9: 7.26.00329 | H9: Leads | I9: 0 | J9: 127 | K9: Reach Truck 1.5 Ton (1 Unit) _ 1 Tahun _ Canvassing awal & Sales Call | L9: =IF(AND(H9="Leads", J9<=0), "OVERDUE (IDLE)", IF(AND(H9="Leads", J9<=14), "WARNING (3-14 Days)", IF(AND(H9="Prospect", J9<=0), "PROSPECT EXPIRED", "SAFE / ON TRACK")))
A10: Fuji | C10: Ravico | D10: CKDMI | E10: PT CKD MANUFACTURING INDONESIA | F10: M | G10: 7.26.00336 | H10: Leads | I10: 0 | J10: 17 | K10: Reach Truck 1.5 Ton (1 Unit) _ 1 Tahun _ Canvassing awal & Sales Call | L10: =IF(AND(H10="Leads", J10<=0), "OVERDUE (IDLE)", IF(AND(H10="Leads", J10<=14), "WARNING (3-14 Days)", IF(AND(H10="Prospect", J10<=0), "PROSPECT EXPIRED", "SAFE / ON TRACK")))
A11: Fuji | C11: Ravico | D11: SECO | E11: PT SECO TOOLS INDONESIA | F11: M | G11: 7.26.00337 | H11: Leads | I11: 0 | J11: 17 | K11: Reach Truck 1.5 Ton (1 Unit) _ 1 Tahun _ Canvassing awal & Sales Call | L11: =IF(AND(H11="Leads", J11<=0), "OVERDUE (IDLE)", IF(AND(H11="Leads", J11<=14), "WARNING (3-14 Days)", IF(AND(H11="Prospect", J11<=0), "PROSPECT EXPIRED", "SAFE / ON TRACK")))
A12: Fuji | C12: Ravico | D12: KYOUEI | E12: PT INDONESIA KYOUEI SAIKYU | F12: M | G12: 7.26.00351 | H12: Leads | I12: 0 | J12: 23 | K12: Reach Truck 1.5 Ton (1 Unit) _ 1 Tahun _ Canvassing awal & Sales Call | L12: =IF(AND(H12="Leads", J12<=0), "OVERDUE (IDLE)", IF(AND(H12="Leads", J12<=14), "WARNING (3-14 Days)", IF(AND(H12="Prospect", J12<=0), "PROSPECT EXPIRED", "SAFE / ON TRACK")))
A13: Fuji | C13: Ravico | D13: IDKIND | E13: PT IDAKA INDONESIA | F13: M | G13: 7.26.00352 | H13: Leads | I13: 0 | J13: 23 | K13: Reach Truck 1.5 Ton (1 Unit) _ 1 Tahun _ Canvassing awal & Sales Call | L13: =IF(AND(H13="Leads", J13<=0), "OVERDUE (IDLE)", IF(AND(H13="Leads", J13<=14), "WARNING (3-14 Days)", IF(AND(H13="Prospect", J13<=0), "PROSPECT EXPIRED", "SAFE / ON TRACK")))
... A24: Fuji | C24: Ravico | D24: AGSI | E24: PT ANEKA GAS INDUSTRI TBK | F24: S | G24: 7.26.00396 | H24: Leads | I24: 0 | J24: 29 | K24: Reach Truck 1.5 Ton (1 Unit) _ 1 Tahun _ Canvassing awal & Sales Call | L24: =IF(AND(H24="Leads", J24<=0), "OVERDUE (IDLE)", IF(AND(H24="Leads", J24<=14), "WARNING (3-14 Days)", IF(AND(H24="Prospect", J24<=0), "PROSPECT EXPIRED", "SAFE / ON TRACK")))
A25: Fuji | C25: Ravico | D25: DAG | E25: DARMAWAN ARYANSYAH GROUP | G25: 7.26.00415 | H25: Leads | I25: 0 | J25: 29 | K25: Reach Truck 1.5 Ton (1 Unit) _ 1 Tahun _ Canvassing awal & Sales Call | L25: =IF(AND(H25="Leads", J25<=0), "OVERDUE (IDLE)", IF(AND(H25="Leads", J25<=14), "WARNING (3-14 Days)", IF(AND(H25="Prospect", J25<=0), "PROSPECT EXPIRED", "SAFE / ON TRACK")))
A26: Fuji | C26: Ravico | D26: GRANDMC | E26: GRAND MULTI CHEMICALS | F26: S | G26: 7.26.00430 | H26: Leads | I26: 0 | J26: 29 | K26: Reach Truck 1.5 Ton (1 Unit) _ 1 Tahun _ Canvassing awal & Sales Call | L26: =IF(AND(H26="Leads", J26<=0), "OVERDUE (IDLE)", IF(AND(H26="Leads", J26<=14), "WARNING (3-14 Days)", IF(AND(H26="Prospect", J26<=0), "PROSPECT EXPIRED", "SAFE / ON TRACK")))
A27: Fuji | C27: Ravico | D27: INDOCEMENT | E27: PT INDOCEMENT TUNGGAL PRAKARSA TBK | F27: L | G27: 7.26.00451 | H27: Leads | I27: 0 | J27: 29 | K27: Reach Truck 1.5 Ton (1 Unit) _ 1 Tahun _ Canvassing awal & Sales Call | L27: =IF(AND(H27="Leads", J27<=0), "OVERDUE (IDLE)", IF(AND(H27="Leads", J27<=14), "WARNING (3-14 Days)", IF(AND(H27="Prospect", J27<=0), "PROSPECT EXPIRED", "SAFE / ON TRACK")))
A28: Fuji | C28: Ravico | D28: INTIKARYAP | E28: INTI KARYA PERSADA TEHNIK | F28: L | G28: 7.26.00463 | H28: Leads | I28: 0 | J28: 29 | K28: Reach Truck 1.5 Ton (1 Unit) _ 1 Tahun _ Canvassing awal & Sales Call | L28: =IF(AND(H28="Leads", J28<=0), "OVERDUE (IDLE)", IF(AND(H28="Leads", J28<=14), "WARNING (3-14 Days)", IF(AND(H28="Prospect", J28<=0), "PROSPECT EXPIRED", "SAFE / ON TRACK")))
A29: Fuji | C29: Ravico | D29: ITOKI | E29: ITOKI SOLUTIONS INDONESIA | G29: 7.26.00465 | H29: Leads | I29: 0 | J29: 29 | K29: Reach Truck 1.5 Ton (1 Unit) _ 1 Tahun _ Canvassing awal & Sales Call | L29: =IF(AND(H29="Leads", J29<=0), "OVERDUE (IDLE)", IF(AND(H29="Leads", J29<=14), "WARNING (3-14 Days)", IF(AND(H29="Prospect", J29<=0), "PROSPECT EXPIRED", "SAFE / ON TRACK")))
A30: Fuji | C30: Ravico | D30: JAWASATU | E30: JAWA SATU POWER | G30: 7.26.00467 | H30: Leads | I30: 0 | J30: 29 | K30: Reach Truck 1.5 Ton (1 Unit) _ 1 Tahun _ Canvassing awal & Sales Call | L30: =IF(AND(H30="Leads", J30<=0), "OVERDUE (IDLE)", IF(AND(H30="Leads", J30<=14), "WARNING (3-14 Days)", IF(AND(H30="Prospect", J30<=0), "PROSPECT EXPIRED", "SAFE / ON TRACK")))
A31: Fuji | C31: Ravico | D31: GRAHABARA | E31: GRAHA BARA LESTARI | G31: 7.26.00513 | H31: Leads | I31: 0 | J31: 36 | K31: Reach Truck 1.5 Ton (1 Unit) _ 1 Tahun _ Canvassing awal & Sales Call | L31: =IF(AND(H31="Leads", J31<=0), "OVERDUE (IDLE)", IF(AND(H31="Leads", J31<=14), "WARNING (3-14 Days)", IF(AND(H31="Prospect", J31<=0), "PROSPECT EXPIRED", "SAFE / ON TRACK")))
A32: Fuji | C32: Ravico | D32: JADDIINTER | E32: JADDI INTERNASIONAL | G32: 7.26.00519 | H32: Leads | I32: 0 | J32: 36 | K32: Reach Truck 1.5 Ton (1 Unit) _ 1 Tahun _ Canvassing awal & Sales Call | L32: =IF(AND(H32="Leads", J32<=0), "OVERDUE (IDLE)", IF(AND(H32="Leads", J32<=14), "WARNING (3-14 Days)", IF(AND(H32="Prospect", J32<=0), "PROSPECT EXPIRED", "SAFE / ON TRACK")))
A33: Fuji | C33: Ravico | D33: UNGGULBUDI | E33: PT UNGGUL BUDI LESTARI | F33: L | G33: 7.26.00576 | H33: Leads | I33: 0 | J33: 43 | K33: Reach Truck 1.5 Ton (1 Unit) _ 1 Tahun _ Canvassing awal & Sales Call | L33: =IF(AND(H33="Leads", J33<=0), "OVERDUE (IDLE)", IF(AND(H33="Leads", J33<=14), "WARNING (3-14 Days)", IF(AND(H33="Prospect", J33<=0), "PROSPECT EXPIRED", "SAFE / ON TRACK")))
A34: Fuji | C34: Ravico | D34: LOGICOM | E34: PT LOGICOM CAKRA INDONESIA | F34: M | G34: 7.26.00588 | H34: Leads | I34: 0 | J34: 50 | K34: Reach Truck 1.5 Ton (1 Unit) _ 1 Tahun _ Canvassing awal & Sales Call | L34: =IF(AND(H34="Leads", J34<=0), "OVERDUE (IDLE)", IF(AND(H34="Leads", J34<=14), "WARNING (3-14 Days)", IF(AND(H34="Prospect", J34<=0), "PROSPECT EXPIRED", "SAFE / ON TRACK")))
A35: Fuji | C35: Ravico | D35: PPPT | E35: PT POLYMINDO PERMATA | F35: M | G35: 7.26.00593 | H35: Leads | I35: 0 | J35: 52 | K35: Reach Truck 1.5 Ton (1 Unit) _ 1 Tahun _ Canvassing awal & Sales Call | L35: =IF(AND(H35="Leads", J35<=0), "OVERDUE (IDLE)", IF(AND(H35="Leads", J35<=14), "WARNING (3-14 Days)", IF(AND(H35="Prospect", J35<=0), "PROSPECT EXPIRED", "SAFE / ON TRACK")))
A36: Fuji | C36: Ravico | D36: AYODYA | E36: PT AYODYA DIALOG SEMESTA | F36: M | G36: 7.26.00612 | H36: Leads | I36: 0 | J36: 59 | K36: Reach Truck 1.5 Ton (1 Unit) _ 1 Tahun _ Canvassing awal & Sales Call | L36: =IF(AND(H36="Leads", J36<=0), "OVERDUE (IDLE)", IF(AND(H36="Leads", J36<=14), "WARNING (3-14 Days)", IF(AND(H36="Prospect", J36<=0), "PROSPECT EXPIRED", "SAFE / ON TRACK")))
A37: Fuji | C37: Ravico | D37: FOTEC | E37: PT FOTEC INTER MAKMUR | F37: M | G37: 7.26.00613 | H37: Leads | I37: 0 | J37: 59 | K37: Reach Truck 1.5 Ton (1 Unit) _ 1 Tahun _ Canvassing awal & Sales Call | L37: =IF(AND(H37="Leads", J37<=0), "OVERDUE (IDLE)", IF(AND(H37="Leads", J37<=14), "WARNING (3-14 Days)", IF(AND(H37="Prospect", J37<=0), "PROSPECT EXPIRED", "SAFE / ON TRACK")))
A38: Fuji | C38: Ravico | D38: DPIPT | E38: PT DAYA PIONEER INTERNATIONAL | F38: M | G38: 7.26.00626 | H38: Leads | I38: 0 | J38: 59 | K38: Reach Truck 1.5 Ton (1 Unit) _ 1 Tahun _ Canvassing awal & Sales Call | L38: =IF(AND(H38="Leads", J38<=0), "OVERDUE (IDLE)", IF(AND(H38="Leads", J38<=14), "WARNING (3-14 Days)", IF(AND(H38="Prospect", J38<=0), "PROSPECT EXPIRED", "SAFE / ON TRACK")))
A39: Fuji | C39: Ravico | D39: MAXISNACKS | E39: MAXINDO KARYA ANUGERAH | F39: S | G39: 7.26.00633 | H39: Leads | I39: 0 | J39: 60 | K39: Reach Truck 1.5 Ton (1 Unit) _ 1 Tahun _ Canvassing awal & Sales Call | L39: =IF(AND(H39="Leads", J39<=0), "OVERDUE (IDLE)", IF(AND(H39="Leads", J39<=14), "WARNING (3-14 Days)", IF(AND(H39="Prospect", J39<=0), "PROSPECT EXPIRED", "SAFE / ON TRACK")))
A40: Fuji | C40: Ravico | D40: GMN | E40: PT GESITS MOTOR NUSANTARA | F40: M | G40: 7.26.00636 | H40: Leads | I40: 0 | J40: 60 | K40: Reach Truck 1.5 Ton (1 Unit) _ 1 Tahun _ Canvassing awal & Sales Call | L40: =IF(AND(H40="Leads", J40<=0), "OVERDUE (IDLE)", IF(AND(H40="Leads", J40<=14), "WARNING (3-14 Days)", IF(AND(H40="Prospect", J40<=0), "PROSPECT EXPIRED", "SAFE / ON TRACK")))
A41: Fuji | C41: Ravico | D41: GBPT | E41: PT GLOBALINDO SUKSES TBK | F41: S | G41: 7.26.00637 | H41: Leads | I41: 0 | J41: 60 | K41: Reach Truck 1.5 Ton (1 Unit) _ 1 Tahun _ Canvassing awal & Sales Call | L41: =IF(AND(H41="Leads", J41<=0), "OVERDUE (IDLE)", IF(AND(H41="Leads", J41<=14), "WARNING (3-14 Days)", IF(AND(H41="Prospect", J41<=0), "PROSPECT EXPIRED", "SAFE / ON TRACK")))
A42: Fuji | C42: Ravico | D42: GTNPT | E42: PT GAYAMAKMUR TECHNO NUSANTARA | F42: M | G42: 7.26.00660 | H42: Leads | I42: 0 | J42: 65 | K42: Reach Truck 1.5 Ton (1 Unit) _ 1 Tahun _ Canvassing awal & Sales Call | L42: =IF(AND(H42="Leads", J42<=0), "OVERDUE (IDLE)", IF(AND(H42="Leads", J42<=14), "WARNING (3-14 Days)", IF(AND(H42="Prospect", J42<=0), "PROSPECT EXPIRED", "SAFE / ON TRACK")))
A43: Fuji | C43: Ravico | D43: AAS | E43: PT ANUGRAH ANALISIS SEMPURNA | F43: M | G43: 7.26.00675 | H43: Leads | I43: 0 | J43: 164 | K43: Reach Truck 1.5 Ton (1 Unit) _ 1 Tahun _ Canvassing awal & Sales Call | L43: =IF(AND(H43="Leads", J43<=0), "OVERDUE (IDLE)", IF(AND(H43="Leads", J43<=14), "WARNING (3-14 Days)", IF(AND(H43="Prospect", J43<=0), "PROSPECT EXPIRED", "SAFE / ON TRACK")))
A44: Fuji | C44: Ravico | D44: USC | E44: PT UNITED STEEL CENTER INDONESIA | F44: L | G44: 7.26.00677 | H44: Leads | I44: 0 | J44: 164 | K44: Reach Truck 1.5 Ton (1 Unit) _ 1 Tahun _ Canvassing awal & Sales Call | L44: =IF(AND(H44="Leads", J44<=0), "OVERDUE (IDLE)", IF(AND(H44="Leads", J44<=14), "WARNING (3-14 Days)", IF(AND(H44="Prospect", J44<=0), "PROSPECT EXPIRED", "SAFE / ON TRACK")))
... A49: Fuji | C49: Ravico | D49: KYOTOSEIKO | E49: PT KYOTOSEIKO INDONESIA | F49: S | G49: 7.26.00710 | H49: Leads | I49: 0 | J49: 77 | K49: Reach Truck 1.5 Ton (1 Unit) _ 1 Tahun _ Canvassing awal & Sales Call | L49: =IF(AND(H49="Leads", J49<=0), "OVERDUE (IDLE)", IF(AND(H49="Leads", J49<=14), "WARNING (3-14 Days)", IF(AND(H49="Prospect", J49<=0), "PROSPECT EXPIRED", "SAFE / ON TRACK")))
A50: Fuji | C50: Ravico | D50: SINSYN | E50: SINAR SYNO KIMIA | G50: 7.26.00711 | H50: Leads | I50: 0 | J50: 77 | K50: Reach Truck 1.5 Ton (1 Unit) _ 1 Tahun _ Canvassing awal & Sales Call | L50: =IF(AND(H50="Leads", J50<=0), "OVERDUE (IDLE)", IF(AND(H50="Leads", J50<=14), "WARNING (3-14 Days)", IF(AND(H50="Prospect", J50<=0), "PROSPECT EXPIRED", "SAFE / ON TRACK")))
A51: Fuji | C51: Ravico | D51: JMTPT | E51: PT JAYA METAL TEKNIKA | F51: M | G51: 7.26.00715 | H51: Leads | I51: 0 | J51: 79 | K51: Reach Truck 1.5 Ton (1 Unit) _ 1 Tahun _ Canvassing awal & Sales Call | L51: =IF(AND(H51="Leads", J51<=0), "OVERDUE (IDLE)", IF(AND(H51="Leads", J51<=14), "WARNING (3-14 Days)", IF(AND(H51="Prospect", J51<=0), "PROSPECT EXPIRED", "SAFE / ON TRACK")))
A52: Fuji | C52: Ravico | D52: SMTPT | E52: PT SMT INDONESIA | F52: M | G52: 7.26.00718 | H52: Leads | I52: 0 | J52: 79 | K52: Reach Truck 1.5 Ton (1 Unit) _ 1 Tahun _ Canvassing awal & Sales Call | L52: =IF(AND(H52="Leads", J52<=0), "OVERDUE (IDLE)", IF(AND(H52="Leads", J52<=14), "WARNING (3-14 Days)", IF(AND(H52="Prospect", J52<=0), "PROSPECT EXPIRED", "SAFE / ON TRACK")))
A53: Fuji | C53: Ravico | D53: MSKEIPT | E53: PT MSK ENGINEERING INDONESIA | F53: M | G53: 7.26.00721 | H53: Leads | I53: 0 | J53: 81 | K53: Reach Truck 1.5 Ton (1 Unit) _ 1 Tahun _ Canvassing awal & Sales Call | L53: =IF(AND(H53="Leads", J53<=0), "OVERDUE (IDLE)", IF(AND(H53="Leads", J53<=14), "WARNING (3-14 Days)", IF(AND(H53="Prospect", J53<=0), "PROSPECT EXPIRED", "SAFE / ON TRACK")))
A54: Fuji | C54: Ravico | D54: PRDL | E54: PT PRODIA DIAGNOSTIC LINE TBK | F54: L | G54: 7.26.00734 | H54: Leads | I54: 0 | J54: 85 | K54: Reach Truck 1.5 Ton (1 Unit) _ 1 Tahun _ Canvassing awal & Sales Call | L54: =IF(AND(H54="Leads", J54<=0), "OVERDUE (IDLE)", IF(AND(H54="Leads", J54<=14), "WARNING (3-14 Days)", IF(AND(H54="Prospect", J54<=0), "PROSPECT EXPIRED", "SAFE / ON TRACK")))
A55: Fuji | C55: Ravico | D55: TPMPT | E55: PT TRIMITRA PLASTIK MANDIRI TBK | F55: S | G55: 7.26.00743 | H55: Leads | I55: 0 | J55: 85 | K55: Reach Truck 1.5 Ton (1 Unit) _ 1 Tahun _ Canvassing awal & Sales Call | L55: =IF(AND(H55="Leads", J55<=0), "OVERDUE (IDLE)", IF(AND(H55="Leads", J55<=14), "WARNING (3-14 Days)", IF(AND(H55="Prospect", J55<=0), "PROSPECT EXPIRED", "SAFE / ON TRACK")))
A56: Fuji | C56: Ravico | D56: HEROAA | E56: PT HERO INTIPUTRA | F56: M | G56: 7.26.00750 | H56: Leads | I56: 0 | J56: 177 | K56: Reach Truck 1.5 Ton (1 Unit) _ 1 Tahun _ Canvassing awal & Sales Call | L56: =IF(AND(H56="Leads", J56<=0), "OVERDUE (IDLE)", IF(AND(H56="Leads", J56<=14), "WARNING (3-14 Days)", IF(AND(H56="Prospect", J56<=0), "PROSPECT EXPIRED", "SAFE / ON TRACK")))
A57: Fuji | C57: Ravico | D57: CCPT | E57: PT MANDIRI SEKURITAS TBK | F57: S | G57: 7.26.00757 | H57: Leads | I57: 0 | J57: 88 | K57: Reach Truck 1.5 Ton (1 Unit) _ 1 Tahun _ Canvassing awal & Sales Call | L57: =IF(AND(H57="Leads", J57<=0), "OVERDUE (IDLE)", IF(AND(H57="Leads", J57<=14), "WARNING (3-14 Days)", IF(AND(H57="Prospect", J57<=0), "PROSPECT EXPIRED", "SAFE / ON TRACK")))
A58: Fuji | C58: Ravico | D58: GALDERMA | E58: PT GALDERMA INDONESIA HEALTHCARE | F58: M | G58: 7.26.00762 | H58: Leads | I58: 0 | J58: 88 | K58: Reach Truck 1.5 Ton (1 Unit) _ 1 Tahun _ Canvassing awal & Sales Call | L58: =IF(AND(H58="Leads", J58<=0), "OVERDUE (IDLE)", IF(AND(H58="Leads", J58<=14), "WARNING (3-14 Days)", IF(AND(H58="Prospect", J58<=0), "PROSPECT EXPIRED", "SAFE / ON TRACK")))
A59: Fuji | C59: Ravico | D59: JOHNROBERT | E59: PT JOHN ROBERT POWERS | F59: M | G59: 7.26.00771 | H59: Leads | I59: 0 | J59: 91 | K59: Reach Truck 1.5 Ton (1 Unit) _ 1 Tahun _ Canvassing awal & Sales Call | L59: =IF(AND(H59="Leads", J59<=0), "OVERDUE (IDLE)", IF(AND(H59="Leads", J59<=14), "WARNING (3-14 Days)", IF(AND(H59="Prospect", J59<=0), "PROSPECT EXPIRED", "SAFE / ON TRACK")))
A60: Fuji | C60: Ravico | D60: MJLLOGPT | E60: PT MJL LOGISTIC JAKARTA | F60: M | G60: 7.26.00777 | H60: Leads | I60: 0 | J60: 92 | K60: Reach Truck 1.5 Ton (1 Unit) _ 1 Tahun _ Canvassing awal & Sales Call | L60: =IF(AND(H60="Leads", J60<=0), "OVERDUE (IDLE)", IF(AND(H60="Leads", J60<=14), "WARNING (3-14 Days)", IF(AND(H60="Prospect", J60<=0), "PROSPECT EXPIRED", "SAFE / ON TRACK")))
A61: Fuji | C61: Ravico | D61: VALVOLINE | E61: PT VALVOLINE INDONESIA | F61: M | G61: 7.26.00781 | H61: Leads | I61: 0 | J61: 92 | K61: Reach Truck 1.5 Ton (1 Unit) _ 1 Tahun _ Canvassing awal & Sales Call | L61: =IF(AND(H61="Leads", J61<=0), "OVERDUE (IDLE)", IF(AND(H61="Leads", J61<=14), "WARNING (3-14 Days)", IF(AND(H61="Prospect", J61<=0), "PROSPECT EXPIRED", "SAFE / ON TRACK")))
A62: Fuji | C62: Ravico | D62: DAYAMAS | E62: PT DAYA MAS BUMI SENTOSA | F62: M | G62: 7.26.00787 | H62: Prospect | I62: 4 | J62: 184 | K62: Forklift 3 Ton (2 Unit) _ 2 Tahun _ SPH Dikirim ke User | L62: =IF(AND(H62="Leads", J62<=0), "OVERDUE (IDLE)", IF(AND(H62="Leads", J62<=14), "WARNING (3-14 Days)", IF(AND(H62="Prospect", J62<=0), "PROSPECT EXPIRED", "SAFE / ON TRACK")))
... A77: Fuji | C77: Ravico | D77: YASUNAGA | E77: YASUNAGA INDONESIA | F77: L | G77: 7.26.00903 | H77: Leads | I77: 0 | J77: 114 | K77: Reach Truck 1.5 Ton (1 Unit) _ 1 Tahun _ Canvassing awal & Sales Call | L77: =IF(AND(H77="Leads", J77<=0), "OVERDUE (IDLE)", IF(AND(H77="Leads", J77<=14), "WARNING (3-14 Days)", IF(AND(H77="Prospect", J77<=0), "PROSPECT EXPIRED", "SAFE / ON TRACK")))
A78: Fuji | C78: Ravico | D78: YAP | E78: YKK AP INDONESIA | G78: 7.26.00905 | H78: Leads | I78: 0 | J78: 114 | K78: Reach Truck 1.5 Ton (1 Unit) _ 1 Tahun _ Canvassing awal & Sales Call | L78: =IF(AND(H78="Leads", J78<=0), "OVERDUE (IDLE)", IF(AND(H78="Leads", J78<=14), "WARNING (3-14 Days)", IF(AND(H78="Prospect", J78<=0), "PROSPECT EXPIRED", "SAFE / ON TRACK")))
A79: Fuji | C79: Ravico | D79: YAHATA | E79: YAHATA FASTENER INDONESIA | G79: 7.26.00906 | H79: Leads | I79: 0 | J79: 114 | K79: Reach Truck 1.5 Ton (1 Unit) _ 1 Tahun _ Canvassing awal & Sales Call | L79: =IF(AND(H79="Leads", J79<=0), "OVERDUE (IDLE)", IF(AND(H79="Leads", J79<=14), "WARNING (3-14 Days)", IF(AND(H79="Prospect", J79<=0), "PROSPECT EXPIRED", "SAFE / ON TRACK")))
A80: Fuji | C80: Ravico | D80: WKK | E80: PT WAHANA KRIDA KONSULINDO | F80: S | G80: 7.26.00911 | H80: Leads | I80: 0 | J80: 114 | K80: Reach Truck 1.5 Ton (1 Unit) _ 1 Tahun _ Canvassing awal & Sales Call | L80: =IF(AND(H80="Leads", J80<=0), "OVERDUE (IDLE)", IF(AND(H80="Leads", J80<=14), "WARNING (3-14 Days)", IF(AND(H80="Prospect", J80<=0), "PROSPECT EXPIRED", "SAFE / ON TRACK")))
A81: Fuji | C81: Ravico | D81: UCIND | E81: UNICHEM CANDI INDONESIA | F81: S | G81: 7.26.00931 | H81: Leads | I81: 0 | J81: 114 | K81: Reach Truck 1.5 Ton (1 Unit) _ 1 Tahun _ Canvassing awal & Sales Call | L81: =IF(AND(H81="Leads", J81<=0), "OVERDUE (IDLE)", IF(AND(H81="Leads", J81<=14), "WARNING (3-14 Days)", IF(AND(H81="Prospect", J81<=0), "PROSPECT EXPIRED", "SAFE / ON TRACK")))
A82: Fuji | C82: Ravico | D82: TTME | E82: TOYOTA TSUSHO MECHANICAL DAN ENGINEERING SERVICE INDONESIA | G82: 7.26.00939 | H82: Leads | I82: 0 | J82: 114 | K82: Reach Truck 1.5 Ton (1 Unit) _ 1 Tahun _ Canvassing awal & Sales Call | L82: =IF(AND(H82="Leads", J82<=0), "OVERDUE (IDLE)", IF(AND(H82="Leads", J82<=14), "WARNING (3-14 Days)", IF(AND(H82="Prospect", J82<=0), "PROSPECT EXPIRED", "SAFE / ON TRACK")))
A83: Fuji | C83: Ravico | D83: TSU | E83: PT TSUZUKI INDONESIA | F83: L | G83: 7.26.00940 | H83: Leads | I83: 0 | J83: 114 | K83: Reach Truck 1.5 Ton (1 Unit) _ 1 Tahun _ Canvassing awal & Sales Call | L83: =IF(AND(H83="Leads", J83<=0), "OVERDUE (IDLE)", IF(AND(H83="Leads", J83<=14), "WARNING (3-14 Days)", IF(AND(H83="Prospect", J83<=0), "PROSPECT EXPIRED", "SAFE / ON TRACK")))
A84: Fuji | C84: Ravico | D84: TSMF | E84: TSUCHIYA MANUFACTURING INDONESIA | G84: 7.26.00942 | H84: Leads | I84: 0 | J84: 114 | K84: Reach Truck 1.5 Ton (1 Unit) _ 1 Tahun _ Canvassing awal & Sales Call | L84: =IF(AND(H84="Leads", J84<=0), "OVERDUE (IDLE)", IF(AND(H84="Leads", J84<=14), "WARNING (3-14 Days)", IF(AND(H84="Prospect", J84<=0), "PROSPECT EXPIRED", "SAFE / ON TRACK")))
A85: Fuji | C85: Ravico | D85: TOYOTOMO | E85: TOYOTOMO INDONESIA | G85: 7.26.00950 | H85: Leads | I85: 0 | J85: 114 | K85: Reach Truck 1.5 Ton (1 Unit) _ 1 Tahun _ Canvassing awal & Sales Call | L85: =IF(AND(H85="Leads", J85<=0), "OVERDUE (IDLE)", IF(AND(H85="Leads", J85<=14), "WARNING (3-14 Days)", IF(AND(H85="Prospect", J85<=0), "PROSPECT EXPIRED", "SAFE / ON TRACK")))
A86: Fuji | C86: Ravico | D86: TOYOSEAL | E86: TOYO SEAL INDONESIA | G86: 7.26.00951 | H86: Leads | I86: 0 | J86: 114 | K86: Reach Truck 1.5 Ton (1 Unit) _ 1 Tahun _ Canvassing awal & Sales Call | L86: =IF(AND(H86="Leads", J86<=0), "OVERDUE (IDLE)", IF(AND(H86="Leads", J86<=14), "WARNING (3-14 Days)", IF(AND(H86="Prospect", J86<=0), "PROSPECT EXPIRED", "SAFE / ON TRACK")))
A87: Fuji | C87: Ravico | D87: TOYODEN | E87: TOYO DENSO INDONESIA | G87: 7.26.00952 | H87: Leads | I87: 0 | J87: 114 | K87: Reach Truck 1.5 Ton (1 Unit) _ 1 Tahun _ Canvassing awal & Sales Call | L87: =IF(AND(H87="Leads", J87<=0), "OVERDUE (IDLE)", IF(AND(H87="Leads", J87<=14), "WARNING (3-14 Days)", IF(AND(H87="Prospect", J87<=0), "PROSPECT EXPIRED", "SAFE / ON TRACK")))
A88: Fuji | C88: Ravico | D88: TOPTUBEID | E88: TOP TUBE INDONESIA | F88: S | G88: 7.26.00958 | H88: Leads | I88: 0 | J88: 114 | K88: Reach Truck 1.5 Ton (1 Unit) _ 1 Tahun _ Canvassing awal & Sales Call | L88: =IF(AND(H88="Leads", J88<=0), "OVERDUE (IDLE)", IF(AND(H88="Leads", J88<=14), "WARNING (3-14 Days)", IF(AND(H88="Prospect", J88<=0), "PROSPECT EXPIRED", "SAFE / ON TRACK")))
A89: Fuji | C89: Ravico | D89: TMK | E89: TRISTAR MAKMUR KARTONINDO | G89: 7.26.00963 | H89: Leads | I89: 0 | J89: 114 | K89: Reach Truck 1.5 Ton (1 Unit) _ 1 Tahun _ Canvassing awal & Sales Call | L89: =IF(AND(H89="Leads", J89<=0), "OVERDUE (IDLE)", IF(AND(H89="Leads", J89<=14), "WARNING (3-14 Days)", IF(AND(H89="Prospect", J89<=0), "PROSPECT EXPIRED", "SAFE / ON TRACK")))
A90: Fuji | C90: Ravico | D90: TMIA | E90: TPI MANUFACTURING INDONESIA | G90: 7.26.00964 | H90: Leads | I90: 0 | J90: 114 | K90: Reach Truck 1.5 Ton (1 Unit) _ 1 Tahun _ Canvassing awal & Sales Call | L90: =IF(AND(H90="Leads", J90<=0), "OVERDUE (IDLE)", IF(AND(H90="Leads", J90<=14), "WARNING (3-14 Days)", IF(AND(H90="Prospect", J90<=0), "PROSPECT EXPIRED", "SAFE / ON TRACK")))
A91: Fuji | C91: Ravico | D91: SYNRUBID | E91: SYNTHETIC RUBBER INDONESIA | F91: S | G91: 7.26.00982 | H91: Leads | I91: 0 | J91: 114 | K91: Reach Truck 1.5 Ton (1 Unit) _ 1 Tahun _ Canvassing awal & Sales Call | L91: =IF(AND(H91="Leads", J91<=0), "OVERDUE (IDLE)", IF(AND(H91="Leads", J91<=14), "WARNING (3-14 Days)", IF(AND(H91="Prospect", J91<=0), "PROSPECT EXPIRED", "SAFE / ON TRACK")))
A92: Fuji | C92: Ravico | D92: SWEETINDO | E92: SWEETINDO PERKASA | F92: S | G92: 7.26.00983 | H92: Leads | I92: 0 | J92: 114 | K92: Reach Truck 1.5 Ton (1 Unit) _ 1 Tahun _ Canvassing awal & Sales Call | L92: =IF(AND(H92="Leads", J92<=0), "OVERDUE (IDLE)", IF(AND(H92="Leads", J92<=14), "WARNING (3-14 Days)", IF(AND(H92="Prospect", J92<=0), "PROSPECT EXPIRED", "SAFE / ON TRACK")))
A93: Fuji | C93: Ravico | D93: SURVEYOR | E93: SURVEYOR INDONESIA | G93: 7.26.00985 | H93: Leads | I93: 0 | J93: 114 | K93: Reach Truck 1.5 Ton (1 Unit) _ 1 Tahun _ Canvassing awal & Sales Call | L93: =IF(AND(H93="Leads", J93<=0), "OVERDUE (IDLE)", IF(AND(H93="Leads", J93<=14), "WARNING (3-14 Days)", IF(AND(H93="Prospect", J93<=0), "PROSPECT EXPIRED", "SAFE / ON TRACK")))
A94: Fuji | C94: Ravico | D94: SURJAIND | E94: SURYA FAJAR INDONESIA | F94: S | G94: 7.26.00986 | H94: Leads | I94: 0 | J94: 114 | K94: Reach Truck 1.5 Ton (1 Unit) _ 1 Tahun _ Canvassing awal & Sales Call | L94: =IF(AND(H94="Leads", J94<=0), "OVERDUE (IDLE)", IF(AND(H94="Leads", J94<=14), "WARNING (3-14 Days)", IF(AND(H94="Prospect", J94<=0), "PROSPECT EXPIRED", "SAFE / ON TRACK")))
A95: Fuji | C95: Ravico | D95: SUPERSTEEL | E95: SUPER STEEL INDAH | G95: 7.26.00987 | H95: Leads | I95: 0 | J95: 114 | K95: Reach Truck 1.5 Ton (1 Unit) _ 1 Tahun _ Canvassing awal & Sales Call | L95: =IF(AND(H95="Leads", J95<=0), "OVERDUE (IDLE)", IF(AND(H95="Leads", J95<=14), "WARNING (3-14 Days)", IF(AND(H95="Prospect", J95<=0), "PROSPECT EXPIRED", "SAFE / ON TRACK")))
A96: Fuji | C96: Ravico | D96: SUMCOID | E96: SUMCO INDONESIA | F96: S | G96: 7.26.00990 | H96: Leads | I96: 0 | J96: 114 | K96: Reach Truck 1.5 Ton (1 Unit) _ 1 Tahun _ Canvassing awal & Sales Call | L96: =IF(AND(H96="Leads", J96<=0), "OVERDUE (IDLE)", IF(AND(H96="Leads", J96<=14), "WARNING (3-14 Days)", IF(AND(H96="Prospect", J96<=0), "PROSPECT EXPIRED", "SAFE / ON TRACK")))
A97: Fuji | C97: Ravico | D97: SPI | E97: SHINWA PACKAGE INDONESIA | G97: 7.26.00996 | H97: Leads | I97: 0 | J97: 114 | K97: Reach Truck 1.5 Ton (1 Unit) _ 1 Tahun _ Canvassing awal & Sales Call | L97: =IF(AND(H97="Leads", J97<=0), "OVERDUE (IDLE)", IF(AND(H97="Leads", J97<=14), "WARNING (3-14 Days)", IF(AND(H97="Prospect", J97<=0), "PROSPECT EXPIRED", "SAFE / ON TRACK")))
A98: Fuji | C98: Ravico | D98: SPEKTRUM | E98: SPEKTRUM KRISINDO ELEKTRIKA | G98: 7.26.00997 | H98: Leads | I98: 0 | J98: 114 | K98: Reach Truck 1.5 Ton (1 Unit) _ 1 Tahun _ Canvassing awal & Sales Call | L98: =IF(AND(H98="Leads", J98<=0), "OVERDUE (IDLE)", IF(AND(H98="Leads", J98<=14), "WARNING (3-14 Days)", IF(AND(H98="Prospect", J98<=0), "PROSPECT EXPIRED", "SAFE / ON TRACK")))
A99: Fuji | C99: Ravico | D99: SOLMITSEJ | E99: SOLUSINDO MITRA SEJAHTERA | G99: 7.26.01002 | H99: Leads | I99: 0 | J99: 114 | K99: Reach Truck 1.5 Ton (1 Unit) _ 1 Tahun _ Canvassing awal & Sales Call | L99: =IF(AND(H99="Leads", J99<=0), "OVERDUE (IDLE)", IF(AND(H99="Leads", J99<=14), "WARNING (3-14 Days)", IF(AND(H99="Prospect", J99<=0), "PROSPECT EXPIRED", "SAFE / ON TRACK")))
A100: Fuji | C100: Ravico | D100: SMI | E100: SAMICK INDONESIA | G100: 7.26.01007 | H100: Leads | I100: 0 | J100: 114 | K100: Reach Truck 1.5 Ton (1 Unit) _ 1 Tahun _ Canvassing awal & Sales Call | L100: =IF(AND(H100="Leads", J100<=0), "OVERDUE (IDLE)", IF(AND(H100="Leads", J100<=14), "WARNING (3-14 Days)", IF(AND(H100="Prospect", J100<=0), "PROSPECT EXPIRED", "SAFE / ON TRACK")))
A101: Fuji | C101: Ravico | D101: SINOTRANS | E101: SINOTRANS OVERSEAS INDONESIA | F101: M | G101: 7.26.01015 | H101: Leads | I101: 0 | J101: 114 | K101: Reach Truck 1.5 Ton (1 Unit) _ 1 Tahun _ Canvassing awal & Sales Call | L101: =IF(AND(H101="Leads", J101<=0), "OVERDUE (IDLE)", IF(AND(H101="Leads", J101<=14), "WARNING (3-14 Days)", IF(AND(H101="Prospect", J101<=0), "PROSPECT EXPIRED", "SAFE / ON TRACK")))
A102: Fuji | C102: Ravico | D102: SINA | E102: SUGIYAMA INDONESIA | G102: 7.26.01017 | H102: Leads | I102: 0 | J102: 114 | K102: Reach Truck 1.5 Ton (1 Unit) _ 1 Tahun _ Canvassing awal & Sales Call | L102: =IF(AND(H102="Leads", J102<=0), "OVERDUE (IDLE)", IF(AND(H102="Leads", J102<=14), "WARNING (3-14 Days)", IF(AND(H102="Prospect", J102<=0), "PROSPECT EXPIRED", "SAFE / ON TRACK")))
A103: Fuji | C103: Ravico | D103: SID | E103: SEMEN INDONESIA DISTRIBUTOR | F103: L | G103: 7.26.01019 | H103: Leads | I103: 0 | J103: 114 | K103: Reach Truck 1.5 Ton (1 Unit) _ 1 Tahun _ Canvassing awal & Sales Call | L103: =IF(AND(H103="Leads", J103<=0), "OVERDUE (IDLE)", IF(AND(H103="Leads", J103<=14), "WARNING (3-14 Days)", IF(AND(H103="Prospect", J103<=0), "PROSPECT EXPIRED", "SAFE / ON TRACK")))
A104: Fuji | C104: Ravico | D104: SHOWA | E104: SHOWA KOSAN INDONESIA | G104: 7.26.01023 | H104: Leads | I104: 0 | J104: 114 | K104: Reach Truck 1.5 Ton (1 Unit) _ 1 Tahun _ Canvassing awal & Sales Call | L104: =IF(AND(H104="Leads", J104<=0), "OVERDUE (IDLE)", IF(AND(H104="Leads", J104<=14), "WARNING (3-14 Days)", IF(AND(H104="Prospect", J104<=0), "PROSPECT EXPIRED", "SAFE / ON TRACK")))
A105: Fuji | C105: Ravico | D105: SHINKOGIND | E105: SHINTO KOGYO INDONESIA | G105: 7.26.01026 | H105: Leads | I105: 0 | J105: 114 | K105: Reach Truck 1.5 Ton (1 Unit) _ 1 Tahun _ Canvassing awal & Sales Call | L105: =IF(AND(H105="Leads", J105<=0), "OVERDUE (IDLE)", IF(AND(H105="Leads", J105<=14), "WARNING (3-14 Days)", IF(AND(H105="Prospect", J105<=0), "PROSPECT EXPIRED", "SAFE / ON TRACK")))
A106: Fuji | C106: Ravico | D106: SHING | E106: SHINANOA INDONESIA | G106: 7.26.01027 | H106: Leads | I106: 0 | J106: 114 | K106: Reach Truck 1.5 Ton (1 Unit) _ 1 Tahun _ Canvassing awal & Sales Call | L106: =IF(AND(H106="Leads", J106<=0), "OVERDUE (IDLE)", IF(AND(H106="Leads", J106<=14), "WARNING (3-14 Days)", IF(AND(H106="Prospect", J106<=0), "PROSPECT EXPIRED", "SAFE / ON TRACK")))
A107: Fuji | C107: Ravico | D107: SEKAR | E107: SEKAR GOLDEN HARVESTA INDONESIA | F107: L | G107: 7.26.01039 | H107: Leads | I107: 0 | J107: 114 | K107: Reach Truck 1.5 Ton (1 Unit) _ 1 Tahun _ Canvassing awal & Sales Call | L107: =IF(AND(H107="Leads", J107<=0), "OVERDUE (IDLE)", IF(AND(H107="Leads", J107<=14), "WARNING (3-14 Days)", IF(AND(H107="Prospect", J107<=0), "PROSPECT EXPIRED", "SAFE / ON TRACK")))
A108: Fuji | C108: Ravico | D108: SCIND | E108: PT SICER INDONESIA | F108: S | G108: 7.26.01050 | H108: Leads | I108: 0 | J108: 114 | K108: Reach Truck 1.5 Ton (1 Unit) _ 1 Tahun _ Canvassing awal & Sales Call | L108: =IF(AND(H108="Leads", J108<=0), "OVERDUE (IDLE)", IF(AND(H108="Leads", J108<=14), "WARNING (3-14 Days)", IF(AND(H108="Prospect", J108<=0), "PROSPECT EXPIRED", "SAFE / ON TRACK")))
A109: Fuji | C109: Ravico | D109: SCGINDONES | E109: SCG READYMIX INDONESIA | G109: 7.26.01054 | H109: Leads | I109: 0 | J109: 114 | K109: Reach Truck 1.5 Ton (1 Unit) _ 1 Tahun _ Canvassing awal & Sales Call | L109: =IF(AND(H109="Leads", J109<=0), "OVERDUE (IDLE)", IF(AND(H109="Leads", J109<=14), "WARNING (3-14 Days)", IF(AND(H109="Prospect", J109<=0), "PROSPECT EXPIRED", "SAFE / ON TRACK")))
A110: Fuji | C110: Ravico | D110: SBSA | E110: SINDE BUDI SENTOSA | G110: 7.26.01056 | H110: Leads | I110: 0 | J110: 114 | K110: Reach Truck 1.5 Ton (1 Unit) _ 1 Tahun _ Canvassing awal & Sales Call | L110: =IF(AND(H110="Leads", J110<=0), "OVERDUE (IDLE)", IF(AND(H110="Leads", J110<=14), "WARNING (3-14 Days)", IF(AND(H110="Prospect", J110<=0), "PROSPECT EXPIRED", "SAFE / ON TRACK")))
A111: Fuji | C111: Ravico | D111: SANBEFARMA | E111: GRAHA RENINDO | F111: S | G111: 7.26.01063 | H111: Leads | I111: 0 | J111: 114 | K111: Reach Truck 1.5 Ton (1 Unit) _ 1 Tahun _ Canvassing awal & Sales Call | L111: =IF(AND(H111="Leads", J111<=0), "OVERDUE (IDLE)", IF(AND(H111="Leads", J111<=14), "WARNING (3-14 Days)", IF(AND(H111="Prospect", J111<=0), "PROSPECT EXPIRED", "SAFE / ON TRACK")))
A112: Fuji | C112: Ravico | D112: RUSKYAERO | E112: RUSKY AERO INDONESIA | G112: 7.26.01070 | H112: Leads | I112: 0 | J112: 114 | K112: Reach Truck 1.5 Ton (1 Unit) _ 1 Tahun _ Canvassing awal & Sales Call | L112: =IF(AND(H112="Leads", J112<=0), "OVERDUE (IDLE)", IF(AND(H112="Leads", J112<=14), "WARNING (3-14 Days)", IF(AND(H112="Prospect", J112<=0), "PROSPECT EXPIRED", "SAFE / ON TRACK")))
A113: Fuji | C113: Ravico | D113: ROYNASIA | E113: ROYAL PESONA INDONESIA | F113: M | G113: 7.26.01075 | H113: Leads | I113: 0 | J113: 114 | K113: Reach Truck 1.5 Ton (1 Unit) _ 1 Tahun _ Canvassing awal & Sales Call | L113: =IF(AND(H113="Leads", J113<=0), "OVERDUE (IDLE)", IF(AND(H113="Leads", J113<=14), "WARNING (3-14 Days)", IF(AND(H113="Prospect", J113<=0), "PROSPECT EXPIRED", "SAFE / ON TRACK")))
A114: Fuji | C114: Ravico | D114: ROYALCANIN | E114: PT ROYAL CANIN INDONESIA | F114: S | G114: 7.26.01076 | H114: Leads | I114: 0 | J114: 114 | K114: Reach Truck 1.5 Ton (1 Unit) _ 1 Tahun _ Canvassing awal & Sales Call | L114: =IF(AND(H114="Leads", J114<=0), "OVERDUE (IDLE)", IF(AND(H114="Leads", J114<=14), "WARNING (3-14 Days)", IF(AND(H114="Prospect", J114<=0), "PROSPECT EXPIRED", "SAFE / ON TRACK")))
A115: Fuji | C115: Ravico | D115: ROIND | E115: ROCHE INDONESIA | G115: 7.26.01079 | H115: Leads | I115: 0 | J115: 114 | K115: Reach Truck 1.5 Ton (1 Unit) _ 1 Tahun _ Canvassing awal & Sales Call | L115: =IF(AND(H115="Leads", J115<=0), "OVERDUE (IDLE)", IF(AND(H115="Leads", J115<=14), "WARNING (3-14 Days)", IF(AND(H115="Prospect", J115<=0), "PROSPECT EXPIRED", "SAFE / ON TRACK")))
A116: Fuji | C116: Ravico | D116: RINNAI | E116: RINNAI INDONESIA | F116: M | G116: 7.26.01085 | H116: Leads | I116: 0 | J116: 114 | K116: Reach Truck 1.5 Ton (1 Unit) _ 1 Tahun _ Canvassing awal & Sales Call | L116: =IF(AND(H116="Leads", J116<=0), "OVERDUE (IDLE)", IF(AND(H116="Leads", J116<=14), "WARNING (3-14 Days)", IF(AND(H116="Prospect", J116<=0), "PROSPECT EXPIRED", "SAFE / ON TRACK")))
A117: Fuji | C117: Ravico | D117: RIAINDO | E117: PT RIA INDO AGRI | F117: M | G117: 7.26.01087 | H117: Prospect | I117: 78 | J117: 258 | K117: Forklift 3 Ton (2 Unit) _ 2 Tahun _ SPH Dikirim ke User | L117: =IF(AND(H117="Leads", J117<=0), "OVERDUE (IDLE)", IF(AND(H117="Leads", J117<=14), "WARNING (3-14 Days)", IF(AND(H117="Prospect", J117<=0), "PROSPECT EXPIRED", "SAFE / ON TRACK")))
A118: Fuji | C118: Ravico | D118: RIABUSANA | E118: PT RIA INDAH MANDIRI | F118: S | G118: 7.26.01088 | H118: Leads | I118: 0 | J118: 114 | K118: Reach Truck 1.5 Ton (1 Unit) _ 1 Tahun _ Canvassing awal & Sales Call | L118: =IF(AND(H118="Leads", J118<=0), "OVERDUE (IDLE)", IF(AND(H118="Leads", J118<=14), "WARNING (3-14 Days)", IF(AND(H118="Prospect", J118<=0), "PROSPECT EXPIRED", "SAFE / ON TRACK")))
A119: Fuji | C119: Ravico | D119: PTSI | E119: PT PRECISION TOOLS SERVICE INDONESIA | F119: M | G119: 7.26.01095 | H119: Leads | I119: 0 | J119: 114 | K119: Reach Truck 1.5 Ton (1 Unit) _ 1 Tahun _ Canvassing awal & Sales Call | L119: =IF(AND(H119="Leads", J119<=0), "OVERDUE (IDLE)", IF(AND(H119="Leads", J119<=14), "WARNING (3-14 Days)", IF(AND(H119="Prospect", J119<=0), "PROSPECT EXPIRED", "SAFE / ON TRACK")))
A120: Fuji | C120: Ravico | D120: PTOI | E120: OTSUKA INDONESIA | G120: 7.26.01098 | H120: Leads | I120: 0 | J120: 114 | K120: Reach Truck 1.5 Ton (1 Unit) _ 1 Tahun _ Canvassing awal & Sales Call | L120: =IF(AND(H120="Leads", J120<=0), "OVERDUE (IDLE)", IF(AND(H120="Leads", J120<=14), "WARNING (3-14 Days)", IF(AND(H120="Prospect", J120<=0), "PROSPECT EXPIRED", "SAFE / ON TRACK")))
A121: Fuji | C121: Ravico | D121: PROCTER | E121: PROCTER & GAMBLE HOME PRODUCTS INDONESIA. | G121: 7.26.01101 | H121: Leads | I121: 0 | J121: 114 | K121: Reach Truck 1.5 Ton (1 Unit) _ 1 Tahun _ Canvassing awal & Sales Call | L121: =IF(AND(H121="Leads", J121<=0), "OVERDUE (IDLE)", IF(AND(H121="Leads", J121<=14), "WARNING (3-14 Days)", IF(AND(H121="Prospect", J121<=0), "PROSPECT EXPIRED", "SAFE / ON TRACK")))
A122: Fuji | C122: Ravico | D122: PRIMAS | E122: PRIMA SEGAR INDOSARI | G122: 7.26.01105 | H122: Leads | I122: 0 | J122: 114 | K122: Reach Truck 1.5 Ton (1 Unit) _ 1 Tahun _ Canvassing awal & Sales Call | L122: =IF(AND(H122="Leads", J122<=0), "OVERDUE (IDLE)", IF(AND(H122="Leads", J122<=14), "WARNING (3-14 Days)", IF(AND(H122="Prospect", J122<=0), "PROSPECT EXPIRED", "SAFE / ON TRACK")))
A123: Fuji | C123: Ravico | D123: POLYCHEM | E123: POLYCHEM INDONESIA | G123: 7.26.01110 | H123: Leads | I123: 0 | J123: 114 | K123: Reach Truck 1.5 Ton (1 Unit) _ 1 Tahun _ Canvassing awal & Sales Call | L123: =IF(AND(H123="Leads", J123<=0), "OVERDUE (IDLE)", IF(AND(H123="Leads", J123<=14), "WARNING (3-14 Days)", IF(AND(H123="Prospect", J123<=0), "PROSPECT EXPIRED", "SAFE / ON TRACK")))
A124: Fuji | C124: Ravico | D124: PNG | E124: PROCTER & GAMBLE OPERATIONS INDONESIA | G124: 7.26.01112 | H124: Leads | I124: 0 | J124: 114 | K124: Reach Truck 1.5 Ton (1 Unit) _ 1 Tahun _ Canvassing awal & Sales Call | L124: =IF(AND(H124="Leads", J124<=0), "OVERDUE (IDLE)", IF(AND(H124="Leads", J124<=14), "WARNING (3-14 Days)", IF(AND(H124="Prospect", J124<=0), "PROSPECT EXPIRED", "SAFE / ON TRACK")))
A125: Fuji | C125: Ravico | D125: PIPR | E125: PACIFIC INDAH PRATAMA | F125: S | G125: 7.26.01113 | H125: Leads | I125: 0 | J125: 114 | K125: Reach Truck 1.5 Ton (1 Unit) _ 1 Tahun _ Canvassing awal & Sales Call | L125: =IF(AND(H125="Leads", J125<=0), "OVERDUE (IDLE)", IF(AND(H125="Leads", J125<=14), "WARNING (3-14 Days)", IF(AND(H125="Prospect", J125<=0), "PROSPECT EXPIRED", "SAFE / ON TRACK")))
A126: Fuji | C126: Ravico | D126: PHILIPMORI | E126: PHILIP MORRIS INDONESIA | G126: 7.26.01118 | H126: Leads | I126: 0 | J126: 114 | K126: Reach Truck 1.5 Ton (1 Unit) _ 1 Tahun _ Canvassing awal & Sales Call | L126: =IF(AND(H126="Leads", J126<=0), "OVERDUE (IDLE)", IF(AND(H126="Leads", J126<=14), "WARNING (3-14 Days)", IF(AND(H126="Prospect", J126<=0), "PROSPECT EXPIRED", "SAFE / ON TRACK")))
A127: Fuji | C127: Ravico | D127: PHAROS | E127: PHAROS INDONESIA | F127: L | G127: 7.26.01119 | H127: Leads | I127: 0 | J127: 114 | K127: Reach Truck 1.5 Ton (1 Unit) _ 1 Tahun _ Canvassing awal & Sales Call | L127: =IF(AND(H127="Leads", J127<=0), "OVERDUE (IDLE)", IF(AND(H127="Leads", J127<=14), "WARNING (3-14 Days)", IF(AND(H127="Prospect", J127<=0), "PROSPECT EXPIRED", "SAFE / ON TRACK")))
A128: Fuji | C128: Ravico | D128: PFI | E128: PACIFIC FOOD INDONESIA | F128: S | G128: 7.26.01122 | H128: Leads | I128: 0 | J128: 114 | K128: Reach Truck 1.5 Ton (1 Unit) _ 1 Tahun _ Canvassing awal & Sales Call | L128: =IF(AND(H128="Leads", J128<=0), "OVERDUE (IDLE)", IF(AND(H128="Leads", J128<=14), "WARNING (3-14 Days)", IF(AND(H128="Prospect", J128<=0), "PROSPECT EXPIRED", "SAFE / ON TRACK")))
...

Sheet Data_Project_Raw
A1: Sales Manager | B1: Sales Supervisor | C1: Sales Officer | D1: Company ID | E1: Company Name | F1: Company Size | G1: Project ID | H1: Last Progress | I1: Prospect to Leads (Left Days) | J1: Leads to Idle (Left Days) | K1: Detail Progress & Note
A2: Fuji | C2: Ravico | D2: FONTBRAND | E2: PT FONTERRA BRANDS INDONESIA | F2: S | G2: 7.25.00240 | H2: Leads | I2: 0 | J2: 71 | K2: Reach Truck 1.5 Ton (1 Unit) _ 1 Tahun _ Canvassing awal & Sales Call
A3: Fuji | C3: Ravico | D3: EMPIND | E3: EIGERINDO MULTI PRODUK INDONESIA | F3: L | G3: 7.25.00362 | H3: Leads | I3: 0 | J3: -32 | K3: Reach Truck 1.5 Ton (1 Unit) _ 1 Tahun _ Canvassing awal & Sales Call
A4: Fuji | C4: Ravico | D4: BCCBI | E4: PT BANK CHINA CONSTRUCTION BANK INDONESIA TBK | F4: L | G4: 7.26.00001 | H4: Leads | I4: 0 | J4: 21 | K4: Reach Truck 1.5 Ton (1 Unit) _ 1 Tahun _ Canvassing awal & Sales Call
A5: Fuji | C5: Ravico | D5: DAYAMAS | E5: PT DAYA MAS BUMI SENTOSA | F5: M | G5: 7.26.00002 | H5: Leads | I5: 0 | J5: 15 | K5: Reach Truck 1.5 Ton (1 Unit) _ 1 Tahun _ Canvassing awal & Sales Call
A6: Fuji | C6: Ravico | D6: BCCBI | E6: PT BANK CHINA CONSTRUCTION BANK INDONESIA TBK | F6: L | G6: 7.26.00053 | H6: Leads | I6: 0 | J6: 21 | K6: Reach Truck 1.5 Ton (1 Unit) _ 1 Tahun _ Canvassing awal & Sales Call
A7: Fuji | C7: Ravico | D7: PENCHEM | E7: PT PENTA CHEMICALS INDONESIA | F7: L | G7: 7.26.00054 | H7: Leads | I7: 0 | J7: 17 | K7: Reach Truck 1.5 Ton (1 Unit) _ 1 Tahun _ Canvassing awal & Sales Call
A8: Fuji | C8: Ravico | D8: PENCHEM | E8: PT PENTA CHEMICALS INDONESIA | F8: L | G8: 7.26.00056 | H8: Leads | I8: 0 | J8: 24 | K8: Reach Truck 1.5 Ton (1 Unit) _ 1 Tahun _ Canvassing awal & Sales Call
A9: Fuji | C9: Ravico | D9: TRITNGGAL | E9: PT TRITUNGGAL DELTA SEJAHTERA | F9: M | G9: 7.26.00116 | H9: Leads | I9: 0 | J9: 28 | K9: Reach Truck 1.5 Ton (1 Unit) _ 1 Tahun _ Canvassing awal & Sales Call
A10: Fuji | C10: Ravico | D10: PENCHEM | E10: PT PENTA CHEMICALS INDONESIA | F10: L | G10: 7.26.00222 | H10: Leads | I10: 0 | J10: 51 | K10: Reach Truck 1.5 Ton (1 Unit) _ 1 Tahun _ Canvassing awal & Sales Call
A11: Fuji | C11: Ravico | D11: FONTBRAND | E11: PT FONTERRA BRANDS INDONESIA | F11: S | G11: 7.26.00285 | H11: Leads | I11: 0 | J11: 71 | K11: Reach Truck 1.5 Ton (1 Unit) _ 1 Tahun _ Canvassing awal & Sales Call
A12: Fuji | C12: Ravico | D12: DAYAMAS | E12: PT DAYA MAS BUMI SENTOSA | F12: M | G12: 7.26.00298 | H12: Prospect | I12: 3 | J12: 183 | K12: Forklift 3 Ton (2 Unit) _ 2 Tahun _ SPH Dikirim ke User
A13: Fuji | C13: Ravico | D13: NURMA | E13: PT NURMA HUSADA ABADI | F13: M | G13: 7.26.00306 | H13: Leads | I13: 0 | J13: 91 | K13: Reach Truck 1.5 Ton (1 Unit) _ 1 Tahun _ Canvassing awal & Sales Call
... A36: Fuji | C36: Ravico | D36: AGSI | E36: PT ANEKA GAS INDUSTRI TBK | F36: S | G36: 7.26.00396 | H36: Leads | I36: 0 | J36: 29 | K36: Reach Truck 1.5 Ton (1 Unit) _ 1 Tahun _ Canvassing awal & Sales Call
A37: Fuji | C37: Ravico | D37: DAG | E37: DARMAWAN ARYANSYAH GROUP | G37: 7.26.00415 | H37: Leads | I37: 0 | J37: 29 | K37: Reach Truck 1.5 Ton (1 Unit) _ 1 Tahun _ Canvassing awal & Sales Call
A38: Fuji | C38: Ravico | D38: GRANDMC | E38: GRAND MULTI CHEMICALS | F38: S | G38: 7.26.00430 | H38: Leads | I38: 0 | J38: 29 | K38: Reach Truck 1.5 Ton (1 Unit) _ 1 Tahun _ Canvassing awal & Sales Call
A39: Fuji | C39: Ravico | D39: INDOCEMENT | E39: PT INDOCEMENT TUNGGAL PRAKARSA TBK | F39: L | G39: 7.26.00451 | H39: Leads | I39: 0 | J39: 29 | K39: Reach Truck 1.5 Ton (1 Unit) _ 1 Tahun _ Canvassing awal & Sales Call
A40: Fuji | C40: Ravico | D40: INTIKARYAP | E40: INTI KARYA PERSADA TEHNIK | F40: L | G40: 7.26.00463 | H40: Leads | I40: 0 | J40: 29 | K40: Reach Truck 1.5 Ton (1 Unit) _ 1 Tahun _ Canvassing awal & Sales Call
A41: Fuji | C41: Ravico | D41: ITOKI | E41: ITOKI SOLUTIONS INDONESIA | G41: 7.26.00465 | H41: Leads | I41: 0 | J41: 29 | K41: Reach Truck 1.5 Ton (1 Unit) _ 1 Tahun _ Canvassing awal & Sales Call
A42: Fuji | C42: Ravico | D42: JAWASATU | E42: JAWA SATU POWER | G42: 7.26.00467 | H42: Leads | I42: 0 | J42: 29 | K42: Reach Truck 1.5 Ton (1 Unit) _ 1 Tahun _ Canvassing awal & Sales Call
A43: Fuji | C43: Ravico | D43: UNGGULBUDI | E43: PT UNGGUL BUDI LESTARI | F43: L | G43: 7.26.00500 | H43: Leads | I43: 0 | J43: 122 | K43: Reach Truck 1.5 Ton (1 Unit) _ 1 Tahun _ Canvassing awal & Sales Call
A44: Fuji | C44: Ravico | D44: GRAHABARA | E44: GRAHA BARA LESTARI | G44: 7.26.00513 | H44: Leads | I44: 0 | J44: 36 | K44: Reach Truck 1.5 Ton (1 Unit) _ 1 Tahun _ Canvassing awal & Sales Call
A45: Fuji | C45: Ravico | D45: JADDIINTER | E45: JADDI INTERNASIONAL | G45: 7.26.00519 | H45: Leads | I45: 0 | J45: 36 | K45: Reach Truck 1.5 Ton (1 Unit) _ 1 Tahun _ Canvassing awal & Sales Call
A46: Fuji | C46: Ravico | D46: UNGGULBUDI | E46: PT UNGGUL BUDI LESTARI | F46: L | G46: 7.26.00576 | H46: Leads | I46: 0 | J46: 43 | K46: Reach Truck 1.5 Ton (1 Unit) _ 1 Tahun _ Canvassing awal & Sales Call
A47: Fuji | C47: Ravico | D47: LOGICOM | E47: PT LOGICOM CAKRA INDONESIA | F47: M | G47: 7.26.00588 | H47: Leads | I47: 0 | J47: 50 | K47: Reach Truck 1.5 Ton (1 Unit) _ 1 Tahun _ Canvassing awal & Sales Call
A48: Fuji | C48: Ravico | D48: PPPT | E48: PT POLYMINDO PERMATA | F48: M | G48: 7.26.00593 | H48: Leads | I48: 0 | J48: 52 | K48: Reach Truck 1.5 Ton (1 Unit) _ 1 Tahun _ Canvassing awal & Sales Call
A49: Fuji | C49: Ravico | D49: AYODYA | E49: PT AYODYA DIALOG SEMESTA | F49: M | G49: 7.26.00612 | H49: Leads | I49: 0 | J49: 59 | K49: Reach Truck 1.5 Ton (1 Unit) _ 1 Tahun _ Canvassing awal & Sales Call
A50: Fuji | C50: Ravico | D50: FOTEC | E50: PT FOTEC INTER MAKMUR | F50: M | G50: 7.26.00613 | H50: Leads | I50: 0 | J50: 59 | K50: Reach Truck 1.5 Ton (1 Unit) _ 1 Tahun _ Canvassing awal & Sales Call
A51: Fuji | C51: Ravico | D51: DPIPT | E51: PT DAYA PIONEER INTERNATIONAL | F51: M | G51: 7.26.00626 | H51: Leads | I51: 0 | J51: 59 | K51: Reach Truck 1.5 Ton (1 Unit) _ 1 Tahun _ Canvassing awal & Sales Call
A52: Fuji | C52: Ravico | D52: MAXISNACKS | E52: MAXINDO KARYA ANUGERAH | F52: S | G52: 7.26.00633 | H52: Leads | I52: 0 | J52: 60 | K52: Reach Truck 1.5 Ton (1 Unit) _ 1 Tahun _ Canvassing awal & Sales Call
A53: Fuji | C53: Ravico | D53: GMN | E53: PT GESITS MOTOR NUSANTARA | F53: M | G53: 7.26.00636 | H53: Leads | I53: 0 | J53: 60 | K53: Reach Truck 1.5 Ton (1 Unit) _ 1 Tahun _ Canvassing awal & Sales Call
A54: Fuji | C54: Ravico | D54: GBPT | E54: PT GLOBALINDO SUKSES TBK | F54: S | G54: 7.26.00637 | H54: Leads | I54: 0 | J54: 60 | K54: Reach Truck 1.5 Ton (1 Unit) _ 1 Tahun _ Canvassing awal & Sales Call
A55: Fuji | C55: Ravico | D55: GTNPT | E55: PT GAYAMAKMUR TECHNO NUSANTARA | F55: M | G55: 7.26.00660 | H55: Leads | I55: 0 | J55: 65 | K55: Reach Truck 1.5 Ton (1 Unit) _ 1 Tahun _ Canvassing awal & Sales Call
A56: Fuji | C56: Ravico | D56: AAS | E56: PT ANUGRAH ANALISIS SEMPURNA | F56: M | G56: 7.26.00675 | H56: Leads | I56: 0 | J56: 164 | K56: Reach Truck 1.5 Ton (1 Unit) _ 1 Tahun _ Canvassing awal & Sales Call
A57: Fuji | C57: Ravico | D57: IASS | E57: PT IAS SUPPORT INDONESIA | F57: M | G57: 7.26.00676 | H57: Leads | I57: 0 | J57: 164 | K57: Reach Truck 1.5 Ton (1 Unit) _ 1 Tahun _ Canvassing awal & Sales Call
... A63: Fuji | C63: Ravico | D63: KYOTOSEIKO | E63: PT KYOTOSEIKO INDONESIA | F63: S | G63: 7.26.00710 | H63: Leads | I63: 0 | J63: 77 | K63: Reach Truck 1.5 Ton (1 Unit) _ 1 Tahun _ Canvassing awal & Sales Call
A64: Fuji | C64: Ravico | D64: SINSYN | E64: SINAR SYNO KIMIA | G64: 7.26.00711 | H64: Leads | I64: 0 | J64: 77 | K64: Reach Truck 1.5 Ton (1 Unit) _ 1 Tahun _ Canvassing awal & Sales Call
A65: Fuji | C65: Ravico | D65: JMTPT | E65: PT JAYA METAL TEKNIKA | F65: M | G65: 7.26.00715 | H65: Leads | I65: 0 | J65: 79 | K65: Reach Truck 1.5 Ton (1 Unit) _ 1 Tahun _ Canvassing awal & Sales Call
A66: Fuji | C66: Ravico | D66: SMTPT | E66: PT SMT INDONESIA | F66: M | G66: 7.26.00718 | H66: Leads | I66: 0 | J66: 79 | K66: Reach Truck 1.5 Ton (1 Unit) _ 1 Tahun _ Canvassing awal & Sales Call
A67: Fuji | C67: Ravico | D67: MSKEIPT | E67: PT MSK ENGINEERING INDONESIA | F67: M | G67: 7.26.00721 | H67: Leads | I67: 0 | J67: 81 | K67: Reach Truck 1.5 Ton (1 Unit) _ 1 Tahun _ Canvassing awal & Sales Call
A68: Fuji | C68: Ravico | D68: IASS | E68: PT IAS SUPPORT INDONESIA | F68: M | G68: 7.26.00722 | H68: Leads | I68: 0 | J68: 171 | K68: Reach Truck 1.5 Ton (1 Unit) _ 1 Tahun _ Canvassing awal & Sales Call
A69: Fuji | C69: Ravico | D69: IASS | E69: PT IAS SUPPORT INDONESIA | F69: M | G69: 7.26.00723 | H69: Leads | I69: 0 | J69: 171 | K69: Reach Truck 1.5 Ton (1 Unit) _ 1 Tahun _ Canvassing awal & Sales Call
A70: Fuji | C70: Ravico | D70: PRDL | E70: PT PRODIA DIAGNOSTIC LINE TBK | F70: L | G70: 7.26.00734 | H70: Leads | I70: 0 | J70: 85 | K70: Reach Truck 1.5 Ton (1 Unit) _ 1 Tahun _ Canvassing awal & Sales Call
A71: Fuji | C71: Ravico | D71: TPMPT | E71: PT TRIMITRA PLASTIK MANDIRI TBK | F71: S | G71: 7.26.00743 | H71: Leads | I71: 0 | J71: 85 | K71: Reach Truck 1.5 Ton (1 Unit) _ 1 Tahun _ Canvassing awal & Sales Call
A72: Fuji | C72: Ravico | D72: HEROAA | E72: PT HERO INTIPUTRA | F72: M | G72: 7.26.00750 | H72: Leads | I72: 0 | J72: 177 | K72: Reach Truck 1.5 Ton (1 Unit) _ 1 Tahun _ Canvassing awal & Sales Call
A73: Fuji | C73: Ravico | D73: CCPT | E73: PT MANDIRI SEKURITAS TBK | F73: S | G73: 7.26.00757 | H73: Leads | I73: 0 | J73: 88 | K73: Reach Truck 1.5 Ton (1 Unit) _ 1 Tahun _ Canvassing awal & Sales Call
A74: Fuji | C74: Ravico | D74: GALDERMA | E74: PT GALDERMA INDONESIA HEALTHCARE | F74: M | G74: 7.26.00762 | H74: Leads | I74: 0 | J74: 88 | K74: Reach Truck 1.5 Ton (1 Unit) _ 1 Tahun _ Canvassing awal & Sales Call
A75: Fuji | C75: Ravico | D75: SENFUPT | E75: PT SENOPATI FUJITRANS LOGISTIC | F75: M | G75: 7.26.00769 | H75: Prospect | I75: 30 | J75: 210 | K75: Forklift 3 Ton (2 Unit) _ 2 Tahun _ SPH Dikirim ke User
A76: Fuji | C76: Ravico | D76: JOHNROBERT | E76: PT JOHN ROBERT POWERS | F76: M | G76: 7.26.00771 | H76: Leads | I76: 0 | J76: 91 | K76: Reach Truck 1.5 Ton (1 Unit) _ 1 Tahun _ Canvassing awal & Sales Call
... A97: Fuji | C97: Ravico | D97: YASUNAGA | E97: YASUNAGA INDONESIA | F97: L | G97: 7.26.00903 | H97: Leads | I97: 0 | J97: 114 | K97: Reach Truck 1.5 Ton (1 Unit) _ 1 Tahun _ Canvassing awal & Sales Call
A98: Fuji | C98: Ravico | D98: YAP | E98: YKK AP INDONESIA | G98: 7.26.00905 | H98: Leads | I98: 0 | J98: 114 | K98: Reach Truck 1.5 Ton (1 Unit) _ 1 Tahun _ Canvassing awal & Sales Call
A99: Fuji | C99: Ravico | D99: YAHATA | E99: YAHATA FASTENER INDONESIA | G99: 7.26.00906 | H99: Leads | I99: 0 | J99: 114 | K99: Reach Truck 1.5 Ton (1 Unit) _ 1 Tahun _ Canvassing awal & Sales Call
A100: Fuji | C100: Ravico | D100: WKK | E100: PT WAHANA KRIDA KONSULINDO | F100: S | G100: 7.26.00911 | H100: Leads | I100: 0 | J100: 114 | K100: Reach Truck 1.5 Ton (1 Unit) _ 1 Tahun _ Canvassing awal & Sales Call
A101: Fuji | C101: Ravico | D101: UCIND | E101: UNICHEM CANDI INDONESIA | F101: S | G101: 7.26.00931 | H101: Leads | I101: 0 | J101: 114 | K101: Reach Truck 1.5 Ton (1 Unit) _ 1 Tahun _ Canvassing awal & Sales Call
A102: Fuji | C102: Ravico | D102: TTME | E102: TOYOTA TSUSHO MECHANICAL DAN ENGINEERING SERVICE INDONESIA | G102: 7.26.00939 | H102: Leads | I102: 0 | J102: 114 | K102: Reach Truck 1.5 Ton (1 Unit) _ 1 Tahun _ Canvassing awal & Sales Call
A103: Fuji | C103: Ravico | D103: TSU | E103: PT TSUZUKI INDONESIA | F103: L | G103: 7.26.00940 | H103: Leads | I103: 0 | J103: 114 | K103: Reach Truck 1.5 Ton (1 Unit) _ 1 Tahun _ Canvassing awal & Sales Call
A104: Fuji | C104: Ravico | D104: TSMF | E104: TSUCHIYA MANUFACTURING INDONESIA | G104: 7.26.00942 | H104: Leads | I104: 0 | J104: 114 | K104: Reach Truck 1.5 Ton (1 Unit) _ 1 Tahun _ Canvassing awal & Sales Call
A105: Fuji | C105: Ravico | D105: TOYOTOMO | E105: TOYOTOMO INDONESIA | G105: 7.26.00950 | H105: Leads | I105: 0 | J105: 114 | K105: Reach Truck 1.5 Ton (1 Unit) _ 1 Tahun _ Canvassing awal & Sales Call
A106: Fuji | C106: Ravico | D106: TOYOSEAL | E106: TOYO SEAL INDONESIA | G106: 7.26.00951 | H106: Leads | I106: 0 | J106: 114 | K106: Reach Truck 1.5 Ton (1 Unit) _ 1 Tahun _ Canvassing awal & Sales Call
A107: Fuji | C107: Ravico | D107: TOYODEN | E107: TOYO DENSO INDONESIA | G107: 7.26.00952 | H107: Leads | I107: 0 | J107: 114 | K107: Reach Truck 1.5 Ton (1 Unit) _ 1 Tahun _ Canvassing awal & Sales Call
A108: Fuji | C108: Ravico | D108: TOPTUBEID | E108: TOP TUBE INDONESIA | F108: S | G108: 7.26.00958 | H108: Leads | I108: 0 | J108: 114 | K108: Reach Truck 1.5 Ton (1 Unit) _ 1 Tahun _ Canvassing awal & Sales Call
A109: Fuji | C109: Ravico | D109: TMK | E109: TRISTAR MAKMUR KARTONINDO | G109: 7.26.00963 | H109: Leads | I109: 0 | J109: 114 | K109: Reach Truck 1.5 Ton (1 Unit) _ 1 Tahun _ Canvassing awal & Sales Call
A110: Fuji | C110: Ravico | D110: TMIA | E110: TPI MANUFACTURING INDONESIA | G110: 7.26.00964 | H110: Leads | I110: 0 | J110: 114 | K110: Reach Truck 1.5 Ton (1 Unit) _ 1 Tahun _ Canvassing awal & Sales Call
A111: Fuji | C111: Ravico | D111: SYNRUBID | E111: SYNTHETIC RUBBER INDONESIA | F111: S | G111: 7.26.00982 | H111: Leads | I111: 0 | J111: 114 | K111: Reach Truck 1.5 Ton (1 Unit) _ 1 Tahun _ Canvassing awal & Sales Call
A112: Fuji | C112: Ravico | D112: SWEETINDO | E112: SWEETINDO PERKASA | F112: S | G112: 7.26.00983 | H112: Leads | I112: 0 | J112: 114 | K112: Reach Truck 1.5 Ton (1 Unit) _ 1 Tahun _ Canvassing awal & Sales Call
A113: Fuji | C113: Ravico | D113: SURVEYOR | E113: SURVEYOR INDONESIA | G113: 7.26.00985 | H113: Leads | I113: 0 | J113: 114 | K113: Reach Truck 1.5 Ton (1 Unit) _ 1 Tahun _ Canvassing awal & Sales Call
A114: Fuji | C114: Ravico | D114: SURJAIND | E114: SURYA FAJAR INDONESIA | F114: S | G114: 7.26.00986 | H114: Leads | I114: 0 | J114: 114 | K114: Reach Truck 1.5 Ton (1 Unit) _ 1 Tahun _ Canvassing awal & Sales Call
A115: Fuji | C115: Ravico | D115: SUPERSTEEL | E115: SUPER STEEL INDAH | G115: 7.26.00987 | H115: Leads | I115: 0 | J115: 114 | K115: Reach Truck 1.5 Ton (1 Unit) _ 1 Tahun _ Canvassing awal & Sales Call
A116: Fuji | C116: Ravico | D116: SUMCOID | E116: SUMCO INDONESIA | F116: S | G116: 7.26.00990 | H116: Leads | I116: 0 | J116: 114 | K116: Reach Truck 1.5 Ton (1 Unit) _ 1 Tahun _ Canvassing awal & Sales Call
A117: Fuji | C117: Ravico | D117: SPI | E117: SHINWA PACKAGE INDONESIA | G117: 7.26.00996 | H117: Leads | I117: 0 | J117: 114 | K117: Reach Truck 1.5 Ton (1 Unit) _ 1 Tahun _ Canvassing awal & Sales Call
A118: Fuji | C118: Ravico | D118: SPEKTRUM | E118: SPEKTRUM KRISINDO ELEKTRIKA | G118: 7.26.00997 | H118: Leads | I118: 0 | J118: 114 | K118: Reach Truck 1.5 Ton (1 Unit) _ 1 Tahun _ Canvassing awal & Sales Call
A119: Fuji | C119: Ravico | D119: SOLMITSEJ | E119: SOLUSINDO MITRA SEJAHTERA | G119: 7.26.01002 | H119: Leads | I119: 0 | J119: 114 | K119: Reach Truck 1.5 Ton (1 Unit) _ 1 Tahun _ Canvassing awal & Sales Call
A120: Fuji | C120: Ravico | D120: SMI | E120: SAMICK INDONESIA | G120: 7.26.01007 | H120: Leads | I120: 0 | J120: 114 | K120: Reach Truck 1.5 Ton (1 Unit) _ 1 Tahun _ Canvassing awal & Sales Call
A121: Fuji | C121: Ravico | D121: SINOTRANS | E121: SINOTRANS OVERSEAS INDONESIA | F121: M | G121: 7.26.01015 | H121: Leads | I121: 0 | J121: 114 | K121: Reach Truck 1.5 Ton (1 Unit) _ 1 Tahun _ Canvassing awal & Sales Call
A122: Fuji | C122: Ravico | D122: SINA | E122: SUGIYAMA INDONESIA | G122: 7.26.01017 | H122: Leads | I122: 0 | J122: 114 | K122: Reach Truck 1.5 Ton (1 Unit) _ 1 Tahun _ Canvassing awal & Sales Call
A123: Fuji | C123: Ravico | D123: SID | E123: SEMEN INDONESIA DISTRIBUTOR | F123: L | G123: 7.26.01019 | H123: Leads | I123: 0 | J123: 114 | K123: Reach Truck 1.5 Ton (1 Unit) _ 1 Tahun _ Canvassing awal & Sales Call
A124: Fuji | C124: Ravico | D124: SHOWA | E124: SHOWA KOSAN INDONESIA | G124: 7.26.01023 | H124: Leads | I124: 0 | J124: 114 | K124: Reach Truck 1.5 Ton (1 Unit) _ 1 Tahun _ Canvassing awal & Sales Call
A125: Fuji | C125: Ravico | D125: SHINKOGIND | E125: SHINTO KOGYO INDONESIA | G125: 7.26.01026 | H125: Leads | I125: 0 | J125: 114 | K125: Reach Truck 1.5 Ton (1 Unit) _ 1 Tahun _ Canvassing awal & Sales Call
A126: Fuji | C126: Ravico | D126: SHING | E126: SHINANOA INDONESIA | G126: 7.26.01027 | H126: Leads | I126: 0 | J126: 114 | K126: Reach Truck 1.5 Ton (1 Unit) _ 1 Tahun _ Canvassing awal & Sales Call
A127: Fuji | C127: Ravico | D127: SEKAR | E127: SEKAR GOLDEN HARVESTA INDONESIA | F127: L | G127: 7.26.01039 | H127: Leads | I127: 0 | J127: 114 | K127: Reach Truck 1.5 Ton (1 Unit) _ 1 Tahun _ Canvassing awal & Sales Call
A128: Fuji | C128: Ravico | D128: SCIND | E128: PT SICER INDONESIA | F128: S | G128: 7.26.01050 | H128: Leads | I128: 0 | J128: 114 | K128: Reach Truck 1.5 Ton (1 Unit) _ 1 Tahun _ Canvassing awal & Sales Call
A129: Fuji | C129: Ravico | D129: SCGINDONES | E129: SCG READYMIX INDONESIA | G129: 7.26.01054 | H129: Leads | I129: 0 | J129: 114 | K129: Reach Truck 1.5 Ton (1 Unit) _ 1 Tahun _ Canvassing awal & Sales Call
A130: Fuji | C130: Ravico | D130: SBSA | E130: SINDE BUDI SENTOSA | G130: 7.26.01056 | H130: Leads | I130: 0 | J130: 114 | K130: Reach Truck 1.5 Ton (1 Unit) _ 1 Tahun _ Canvassing awal & Sales Call
A131: Fuji | C131: Ravico | D131: SANBEFARMA | E131: GRAHA RENINDO | F131: S | G131: 7.26.01063 | H131: Leads | I131: 0 | J131: 114 | K131: Reach Truck 1.5 Ton (1 Unit) _ 1 Tahun _ Canvassing awal & Sales Call
A132: Fuji | C132: Ravico | D132: RUSKYAERO | E132: RUSKY AERO INDONESIA | G132: 7.26.01070 | H132: Leads | I132: 0 | J132: 114 | K132: Reach Truck 1.5 Ton (1 Unit) _ 1 Tahun _ Canvassing awal & Sales Call
A133: Fuji | C133: Ravico | D133: ROYNASIA | E133: ROYAL PESONA INDONESIA | F133: M | G133: 7.26.01075 | H133: Leads | I133: 0 | J133: 114 | K133: Reach Truck 1.5 Ton (1 Unit) _ 1 Tahun _ Canvassing awal & Sales Call
A134: Fuji | C134: Ravico | D134: ROYALCANIN | E134: PT ROYAL CANIN INDONESIA | F134: S | G134: 7.26.01076 | H134: Leads | I134: 0 | J134: 114 | K134: Reach Truck 1.5 Ton (1 Unit) _ 1 Tahun _ Canvassing awal & Sales Call
A135: Fuji | C135: Ravico | D135: ROIND | E135: ROCHE INDONESIA | G135: 7.26.01079 | H135: Leads | I135: 0 | J135: 114 | K135: Reach Truck 1.5 Ton (1 Unit) _ 1 Tahun _ Canvassing awal & Sales Call
A136: Fuji | C136: Ravico | D136: RINNAI | E136: RINNAI INDONESIA | F136: M | G136: 7.26.01085 | H136: Leads | I136: 0 | J136: 114 | K136: Reach Truck 1.5 Ton (1 Unit) _ 1 Tahun _ Canvassing awal & Sales Call
A137: Fuji | C137: Ravico | D137: RIAINDO | E137: PT RIA INDO AGRI | F137: M | G137: 7.26.01087 | H137: Prospect | I137: 78 | J137: 258 | K137: Forklift 3 Ton (2 Unit) _ 2 Tahun _ SPH Dikirim ke User
A138: Fuji | C138: Ravico | D138: RIABUSANA | E138: PT RIA INDAH MANDIRI | F138: S | G138: 7.26.01088 | H138: Leads | I138: 0 | J138: 114 | K138: Reach Truck 1.5 Ton (1 Unit) _ 1 Tahun _ Canvassing awal & Sales Call
A139: Fuji | C139: Ravico | D139: PTSI | E139: PT PRECISION TOOLS SERVICE INDONESIA | F139: M | G139: 7.26.01095 | H139: Leads | I139: 0 | J139: 114 | K139: Reach Truck 1.5 Ton (1 Unit) _ 1 Tahun _ Canvassing awal & Sales Call
A140: Fuji | C140: Ravico | D140: PTOI | E140: OTSUKA INDONESIA | G140: 7.26.01098 | H140: Leads | I140: 0 | J140: 114 | K140: Reach Truck 1.5 Ton (1 Unit) _ 1 Tahun _ Canvassing awal & Sales Call
A141: Fuji | C141: Ravico | D141: PROCTER | E141: PROCTER & GAMBLE HOME PRODUCTS INDONESIA. | G141: 7.26.01101 | H141: Leads | I141: 0 | J141: 114 | K141: Reach Truck 1.5 Ton (1 Unit) _ 1 Tahun _ Canvassing awal & Sales Call
A142: Fuji | C142: Ravico | D142: PRIMAS | E142: PRIMA SEGAR INDOSARI | G142: 7.26.01105 | H142: Leads | I142: 0 | J142: 114 | K142: Reach Truck 1.5 Ton (1 Unit) _ 1 Tahun _ Canvassing awal & Sales Call
A143: Fuji | C143: Ravico | D143: POLYCHEM | E143: POLYCHEM INDONESIA | G143: 7.26.01110 | H143: Leads | I143: 0 | J143: 114 | K143: Reach Truck 1.5 Ton (1 Unit) _ 1 Tahun _ Canvassing awal & Sales Call
A144: Fuji | C144: Ravico | D144: PNG | E144: PROCTER & GAMBLE OPERATIONS INDONESIA | G144: 7.26.01112 | H144: Leads | I144: 0 | J144: 114 | K144: Reach Truck 1.5 Ton (1 Unit) _ 1 Tahun _ Canvassing awal & Sales Call
A145: Fuji | C145: Ravico | D145: PIPR | E145: PACIFIC INDAH PRATAMA | F145: S | G145: 7.26.01113 | H145: Leads | I145: 0 | J145: 114 | K145: Reach Truck 1.5 Ton (1 Unit) _ 1 Tahun _ Canvassing awal & Sales Call
A146: Fuji | C146: Ravico | D146: PHILIPMORI | E146: PHILIP MORRIS INDONESIA | G146: 7.26.01118 | H146: Leads | I146: 0 | J146: 114 | K146: Reach Truck 1.5 Ton (1 Unit) _ 1 Tahun _ Canvassing awal & Sales Call
A147: Fuji | C147: Ravico | D147: PHAROS | E147: PHAROS INDONESIA | F147: L | G147: 7.26.01119 | H147: Leads | I147: 0 | J147: 114 | K147: Reach Truck 1.5 Ton (1 Unit) _ 1 Tahun _ Canvassing awal & Sales Call
...

Sheet Lists_Dropdown
A1: Status Progress | B1: Jenis Unit Contoh | C1: Durasi Sewa Contoh
A2: Leads | B2: Forklift Diesel | C2: 1 Tahun
A3: Prospect | B3: Forklift Electric | C3: 2 Tahun
A4: Deal / Won | B4: Reach Truck | C4: 3 Tahun
A5: Lost | B5: Towing Tractor | C5: 5 Tahun
A6: Idle | B6: Pallet Stacker | C6: Beli Putus
